-- phpMyAdmin SQL Dump
-- version 5.2.0
-- https://www.phpmyadmin.net/
--
-- Gép: 127.0.0.1
-- Létrehozás ideje: 2023. Feb 27. 17:56
-- Kiszolgáló verziója: 10.4.27-MariaDB
-- PHP verzió: 8.2.0

SET SQL_MODE = "NO_AUTO_VALUE_ON_ZERO";
START TRANSACTION;
SET time_zone = "+00:00";


/*!40101 SET @OLD_CHARACTER_SET_CLIENT=@@CHARACTER_SET_CLIENT */;
/*!40101 SET @OLD_CHARACTER_SET_RESULTS=@@CHARACTER_SET_RESULTS */;
/*!40101 SET @OLD_COLLATION_CONNECTION=@@COLLATION_CONNECTION */;
/*!40101 SET NAMES utf8mb4 */;

--
-- Adatbázis: `kezbesito`
--

-- --------------------------------------------------------

--
-- Tábla szerkezet ehhez a táblához `elofizetes`
--

CREATE TABLE `elofizetes` (
  `eloid` int(3) DEFAULT NULL,
  `lapid` int(6) DEFAULT NULL
) ENGINE=InnoDB DEFAULT CHARSET=utf8 COLLATE=utf8_general_ci;

--
-- A tábla adatainak kiíratása `elofizetes`
--

INSERT INTO `elofizetes` (`eloid`, `lapid`) VALUES
(1, 2002),
(1, 41605),
(2, 1300),
(3, 6209),
(4, 1506),
(4, 6209),
(4, 16809),
(5, 2002),
(5, 19400),
(5, 67221),
(6, 1506),
(6, 21607),
(6, 16809),
(6, 2002),
(7, 21205),
(8, 1300),
(8, 17800),
(8, 381602),
(9, 2002),
(9, 29966),
(10, 1300),
(10, 21205),
(11, 2002),
(11, 6209),
(12, 1300),
(12, 41605),
(12, 16809),
(13, 1506),
(14, 1506),
(14, 68765),
(15, 2301),
(16, 1300),
(16, 32102),
(16, 10009),
(17, 2301),
(17, 21906),
(18, 2002),
(18, 21205),
(18, 29966),
(19, 1506),
(20, 2301),
(21, 2002),
(21, 19400),
(21, 68796),
(21, 6209),
(21, 21205),
(22, 2301),
(23, 2301),
(23, 1300),
(24, 2002),
(24, 16809),
(25, 1300),
(25, 13600),
(25, 16005),
(26, 1506),
(27, 2002),
(28, 2002),
(28, 29966),
(29, 2301),
(29, 21906),
(29, 68796),
(29, 6209),
(30, 2301),
(31, 1300),
(31, 19400),
(31, 21205),
(31, 17800),
(32, 2301),
(33, 1300),
(34, 1506),
(34, 16809),
(34, 2002),
(34, 29966),
(35, 2301),
(35, 21906),
(36, 2301),
(36, 68765),
(36, 21607),
(37, 1300),
(37, 381602),
(38, 2301),
(39, 2301),
(39, 21906),
(39, 41605),
(40, 2002),
(40, 41605),
(40, 6209),
(41, 1300),
(42, 1506),
(42, 21906),
(42, 32102),
(43, 16809),
(43, 2002),
(44, 2301),
(45, 2301),
(45, 57318),
(45, 10009),
(46, 2002),
(47, 1300),
(47, 2301),
(48, 10009),
(49, 2002),
(49, 68796),
(50, 1300),
(50, 6209),
(50, 16809),
(50, 2301),
(50, 21205),
(51, 1506),
(51, 2301),
(52, 2301),
(52, 21607),
(53, 1300),
(53, 21205),
(53, 68765),
(53, 29966),
(54, 2301),
(54, 17800),
(55, 1506),
(56, 2301),
(56, 68796),
(56, 13600),
(56, 16005),
(57, 16809),
(58, 1300),
(58, 67221),
(58, 21205),
(59, 2301),
(59, 41605),
(59, 42307),
(60, 6209),
(61, 2301),
(61, 21906),
(62, 1506),
(62, 67221),
(63, 2301),
(63, 10009),
(64, 1300),
(64, 32102),
(64, 21205),
(65, 2301),
(65, 21607),
(66, 2301),
(66, 68796),
(66, 13600),
(66, 16005),
(67, 2301),
(67, 10009),
(68, 1300),
(68, 29966),
(68, 6312),
(68, 55127),
(69, 2301),
(70, 1506),
(70, 41605),
(70, 21607),
(71, 2301),
(71, 17800),
(71, 6209),
(72, 29966),
(73, 6209),
(74, 2301),
(74, 6209),
(75, 2301),
(75, 29966),
(76, 1506),
(76, 6312),
(76, 68765),
(77, 1300),
(77, 29966),
(78, 1506),
(78, 41605),
(78, 21205),
(79, 2301),
(79, 10009),
(80, 1300),
(81, 2301),
(82, 2301),
(82, 6312),
(82, 21607),
(83, 1506),
(83, 29966),
(84, 6209),
(84, 21607),
(85, 2301),
(86, 1300),
(86, 68796),
(86, 29966),
(87, 2301),
(88, 2301),
(88, 57318),
(88, 13600),
(88, 16005),
(89, 2301),
(89, 21607),
(90, 1300),
(90, 41605),
(90, 21205),
(91, 1506),
(92, 2301),
(92, 21906),
(93, 40800),
(94, 2301),
(94, 68765),
(94, 6209),
(95, 1506),
(95, 17800),
(95, 19400),
(95, 6209),
(96, 2301),
(96, 57318),
(97, 2301),
(98, 2301),
(99, 2301),
(99, 10009),
(100, 1300),
(100, 21906),
(101, 1506),
(101, 32102),
(101, 68796),
(102, 68765),
(102, 6209),
(103, 1300),
(103, 17800),
(103, 41605);

-- --------------------------------------------------------

--
-- Tábla szerkezet ehhez a táblához `elofizeto`
--

CREATE TABLE `elofizeto` (
  `id` int(3) DEFAULT NULL,
  `nev` varchar(23) DEFAULT NULL,
  `utca` varchar(20) DEFAULT NULL,
  `hazszam` int(2) DEFAULT NULL
) ENGINE=InnoDB DEFAULT CHARSET=utf8 COLLATE=utf8_general_ci;

--
-- A tábla adatainak kiíratása `elofizeto`
--

INSERT INTO `elofizeto` (`id`, `nev`, `utca`, `hazszam`) VALUES
(1, 'Skvar Tamás', 'Dagály utca', 2),
(2, 'Tatár István', 'Dagály utca', 3),
(3, 'Siket Karen', 'Dagály utca', 3),
(4, 'Horváth Mercédesz', 'Dagály utca', 3),
(5, 'Dombovári Petra', 'Dagály utca', 4),
(6, 'Szekeres József', 'Dagály utca', 7),
(7, 'Kamarás Zsófia Viktória', 'Dagály utca', 7),
(8, 'Sebő Tas', 'Dagály utca', 8),
(9, 'Szendrődi Csaba', 'Dagály utca', 11),
(10, 'Berger Péter', 'Dagály utca', 11),
(11, 'Csonka Anna', 'Dagály utca', 16),
(12, 'Szelei Anikó Dorina', 'Dagály utca', 16),
(13, 'Kovács Ágnes', 'Dagály utca', 17),
(14, 'Szőke Mátyás', 'Dagály utca', 21),
(15, 'Kiss Zsófia', 'Dagály utca', 21),
(16, 'Bakos Kata Judit', 'Dagály utca', 21),
(17, 'Bodnár Anna Katalin', 'Esztergomi út', 2),
(18, 'Keszthelyi Zsolt', 'Esztergomi út', 2),
(19, 'Kiss Lajos', 'Esztergomi út', 2),
(20, 'Szabó Orsolya Virág', 'Esztergomi út', 4),
(21, 'Vég Kálmán', 'Esztergomi út', 4),
(22, 'Hirzer Zsolt', 'Esztergomi út', 4),
(23, 'Kincses Zoltán', 'Esztergomi út', 7),
(24, 'Zentay Réka', 'Esztergomi út', 11),
(25, 'Kovai Róbert', 'Esztergomi út', 21),
(26, 'Koch Róbert', 'Esztergomi út', 21),
(27, 'Szilágyi István', 'Esztergomi út', 25),
(28, 'Horváth Pál', 'Esztergomi út', 27),
(29, 'Duma Árpád', 'Esztergomi út', 27),
(30, 'Kovács Ágnes', 'Esztergomi út', 27),
(31, 'Zsolnai Péter', 'Népfürdő utca', 3),
(32, 'Illés Nóra', 'Népfürdő utca', 3),
(33, 'Fődi Anna', 'Népfürdő utca', 3),
(34, 'Szűcs Lóránt', 'Népfürdő utca', 3),
(35, 'Borsos Anett', 'Népfürdő utca', 3),
(36, 'Sarlós Róbert', 'Népfürdő utca', 3),
(37, 'Hoffmann Bettina', 'Népfürdő utca', 4),
(38, 'Farkas Ildikó', 'Népfürdő utca', 6),
(39, 'Gál Brigitta', 'Népfürdő utca', 6),
(40, 'Szabó Izabella Diána', 'Népfürdő utca', 6),
(41, 'Dudás Krisztián', 'Népfürdő utca', 6),
(42, 'Csordás Kálmán', 'Népfürdő utca', 7),
(43, 'Tóth Alexandra', 'Népfürdő utca', 7),
(44, 'Csóti Bettina', 'Népfürdő utca', 7),
(45, 'Dorogi Nóra Gréta', 'Népfürdő utca', 8),
(46, 'Nemes Petra', 'Népfürdő utca', 8),
(47, 'Schulcz Imola', 'Népfürdő utca', 8),
(48, 'Senkey Tamás', 'Népfürdő utca', 10),
(49, 'Nyers Sándor', 'Népfürdő utca', 10),
(50, 'Szekeres József', 'Népfürdő utca', 10),
(51, 'Berényi Zsolt', 'Népfürdő utca', 12),
(52, 'Bánfalvi Ramóna', 'Népfürdő utca', 12),
(53, 'Rácz Lili', 'Népfürdő utca', 14),
(54, 'Botos Noémi', 'Népfürdő utca', 21),
(55, 'Kasznár Judit', 'Bodor utca', 3),
(56, 'Lengyel Zsófia', 'Bodor utca', 3),
(57, 'Kerekes Lili', 'Bodor utca', 5),
(58, 'Kis Barbara Emma', 'Bodor utca', 5),
(59, 'Vida Csongor', 'Bodor utca', 5),
(60, 'Nagy Eszter', 'Bodor utca', 5),
(61, 'Benkő Kata Enikő', 'Bodor utca', 5),
(62, 'Urbán Roland', 'Bodor utca', 13),
(63, 'Samu Blanka', 'Bodor utca', 13),
(64, 'Pálinkás Anna', 'Bodor utca', 13),
(65, 'Falch Emil', 'Bodor utca', 13),
(66, 'Teleki Kálmán', 'Bodor utca', 14),
(67, 'Sima Dezső', 'Bodor utca', 15),
(68, 'Rudas Ádám', 'Bodor utca', 15),
(69, 'Forrai Laura', 'Bodor utca', 15),
(70, 'Irinyi Katalin Ida', 'Bodor utca', 15),
(71, 'Hódi Vivien', 'Karikás Frigyes utca', 1),
(72, 'Máté Oszkár', 'Karikás Frigyes utca', 4),
(73, 'Püski Kata', 'Karikás Frigyes utca', 4),
(74, 'Mészáros Anita Réka', 'Karikás Frigyes utca', 4),
(75, 'Kis Nóra Judit', 'Karikás Frigyes utca', 4),
(76, 'Nyári Judit', 'Karikás Frigyes utca', 4),
(77, 'Balog Orsolya', 'Karikás Frigyes utca', 4),
(78, 'Zombori Adrienn', 'Karikás Frigyes utca', 5),
(79, 'Tóti Albert', 'Karikás Frigyes utca', 5),
(80, 'Szabó Lilla', 'Karikás Frigyes utca', 6),
(81, 'Petres Zoltán', 'Karikás Frigyes utca', 6),
(82, 'Barta Petra', 'Karikás Frigyes utca', 6),
(83, 'Rovó Petra', 'Karikás Frigyes utca', 6),
(84, 'Bor János', 'Karikás Frigyes utca', 9),
(85, 'Fogó Róbert', 'Karikás Frigyes utca', 9),
(86, 'Juhász Imre', 'Karikás Frigyes utca', 11),
(87, 'Nagy Tímea', 'Karikás Frigyes utca', 11),
(88, 'Tanács Lilla', 'Karikás Frigyes utca', 15),
(89, 'Kiss Sándor', 'Karikás Frigyes utca', 15),
(90, 'Kovács Vivien', 'Karikás Frigyes utca', 15),
(91, 'Kun Anna', 'Karikás Frigyes utca', 17),
(92, 'Pályi Balázs', 'Karikás Frigyes utca', 18),
(93, 'Kristóf Petra', 'Karikás Frigyes utca', 18),
(94, 'Gábor Zita', 'Karikás Frigyes utca', 18),
(95, 'Lakatos Zita Ildikó', 'Karikás Frigyes utca', 18),
(96, 'Garadnai Zoltán', 'Turbina utca', 2),
(97, 'Bognár Ágnes', 'Turbina utca', 2),
(98, 'Dobi Brigitta Krisztina', 'Turbina utca', 2),
(99, 'Dócz Károly', 'Turbina utca', 3),
(100, 'Halász Norbert', 'Turbina utca', 5),
(101, 'Szántó Lilla', 'Turbina utca', 5),
(102, 'Dóka Csenge', 'Turbina utca', 5),
(103, 'Szántó Mónika', 'Turbina utca', 5);

-- --------------------------------------------------------

--
-- Tábla szerkezet ehhez a táblához `lap`
--

CREATE TABLE `lap` (
  `id` int(6) DEFAULT NULL,
  `tema` varchar(17) DEFAULT NULL,
  `cim` varchar(32) DEFAULT NULL,
  `havi` int(4) DEFAULT NULL,
  `negyedeves` int(5) DEFAULT NULL,
  `feleves` int(5) DEFAULT NULL,
  `eves` int(5) DEFAULT NULL,
  `gyakorisag` int(3) DEFAULT NULL
) ENGINE=InnoDB DEFAULT CHARSET=utf8 COLLATE=utf8_general_ci;

--
-- A tábla adatainak kiíratása `lap`
--

INSERT INTO `lap` (`id`, `tema`, `cim`, `havi`, `negyedeves`, `feleves`, `eves`, `gyakorisag`) VALUES
(32140, 'kultúra', 'Antik Tanulmányok', NULL, NULL, NULL, 6140, 2),
(33464, 'kultúra', 'Artlocator', NULL, NULL, NULL, 4400, 2),
(422170, 'közélet', 'Ceglédi Kék Újság', 560, 1680, 3360, 6720, 26),
(75802, 'kultúra', 'Édes Anyanyelvünk', NULL, NULL, NULL, 1250, 5),
(21607, 'politika', 'Élet és Irodalom', 2150, 6300, 10800, 19860, 52),
(21906, 'ismeretterjesztés', 'Élet és Tudomány', 1410, 4230, 8460, 16200, 52),
(381602, 'kultúra', 'Foaia Romaneasca', 400, 1200, 2400, 4800, 52),
(41605, 'tudomány', 'Geo', NULL, 2535, 4225, 8450, 10),
(31204, 'tudomány', 'Gép', NULL, NULL, NULL, 5040, 4),
(41595, 'tudomány', 'Grafológia', NULL, NULL, NULL, 5040, 6),
(42307, 'tudomány', 'Hadtörténelmi Közlemények', NULL, NULL, 2000, 4000, 4),
(42390, 'tudomány', 'Határtalan Régészet', NULL, NULL, NULL, 3000, 4),
(10009, 'politika', '168 Óra', 2300, 6480, 11490, 19920, 52),
(42716, 'kultúra', 'Helikon Irodalomtudományi Szemle', NULL, NULL, 2600, 5200, 4),
(763, 'politika', 'Hetek', 1580, 4740, 9000, 15000, 52),
(225100, 'közélet', 'Heti Hírek', 810, 2430, 4860, 9720, 52),
(29966, 'politika', 'Heti Válasz', 2200, 6600, 11250, 19800, 52),
(43724, 'kultúra', 'Hitel', NULL, NULL, 3420, 6840, 12),
(48121, 'kultúra', 'Kapu', NULL, 870, 1740, 3480, 12),
(421894, 'közélet', 'Kék Nefelejcs', 845, 2535, 5070, 10140, 52),
(13600, 'mezőgazdaság', 'Kertészet és Szőlészet', 1840, 5520, 11040, 22080, 52),
(21700, 'kultúra', 'Kincses Kalendárium', NULL, NULL, NULL, 750, 1),
(49940, 'kultúra', 'Kommentár', NULL, NULL, 1800, 3300, 6),
(49926, 'kultúra', 'Kortárs', NULL, NULL, 3690, 7380, 12),
(50036, 'kultúra', 'Kritika', NULL, 1500, 3000, 6000, 12),
(53486, 'kultúra', 'Lyukasóra', NULL, NULL, 1320, 2640, 6),
(16809, 'politika', 'Magyar Demokrata', 1560, 4680, 9360, 18720, 52),
(76102, 'tudomány', 'Magyar Épületgépészet', NULL, NULL, NULL, 4200, 12),
(15406, 'politika', 'Magyar Fórum', 1070, 3210, 6420, 12840, 52),
(1300, 'közélet', 'Magyar Hírlap', 3455, 9900, 18480, 33060, 307),
(2002, 'közélet', 'Magyar Idők', 2890, 8670, 17340, 34680, 307),
(77347, 'kultúra', 'Magyar Könyvszemle', NULL, NULL, 2600, 5200, 4),
(54779, 'kultúra', 'Magyar Krónika', 980, 2400, 4200, 7800, 12),
(16005, 'mezőgazdaság', 'Magyar Mezőgazdaság', 2060, 6180, 12360, 24720, 52),
(6312, 'politika', 'Magyar Narancs', 1990, 5970, 10980, 19860, 52),
(1506, 'közélet', 'Magyar Nemzet', 2990, 8970, 17940, 35880, 307),
(77392, 'tudomány', 'Magyar Nyelv', NULL, NULL, NULL, 3000, 4),
(55127, 'tudomány', 'Magyar Tudomány', NULL, 2760, 5520, 11040, 12),
(56331, 'tudomány', 'Meteor', NULL, NULL, NULL, 7200, 12),
(40800, 'tudomány', 'A Földgömb', NULL, NULL, NULL, 7500, 10),
(57136, 'kultúra', 'Moldvai Magyarság', NULL, NULL, 1500, 3000, 4),
(57318, 'kultúra', 'Mozgó Világ', NULL, NULL, 5400, 9000, 12),
(57428, 'kultúra', 'Múlt és Jövő', NULL, NULL, 2900, 5000, 4),
(57916, 'kultúra', 'Muzsika', NULL, NULL, 2940, 5880, 12),
(58508, 'kultúra', 'Műhely', NULL, NULL, NULL, 2400, 6),
(57040, 'kultúra', 'Napút', NULL, NULL, 3000, 6000, 10),
(6209, 'tudomány', 'National Geographic', NULL, NULL, 4410, 8820, 12),
(2301, 'közélet', 'Népszava', 3900, 11400, 22500, 44400, 307),
(60200, 'tudomány', 'Ókor', NULL, NULL, NULL, 4000, 4),
(17800, 'kultúra', 'Pesti Műsor', NULL, NULL, 2100, 4200, 12),
(63777, 'kultúra', 'Regiment', NULL, 490, 980, 1960, 4),
(65607, 'kultúra', 'Soproni Szemle', NULL, NULL, NULL, 2400, 4),
(19400, 'kultúra', 'Szabad Föld', 1145, 3375, 6300, 12300, 52),
(67221, 'kultúra', 'Színház', NULL, NULL, NULL, 5900, 10),
(68796, 'tudomány', 'Természet Világa', NULL, 2100, 4200, 8040, 12),
(68765, 'tudomány', 'Természetbúvár', NULL, NULL, NULL, 2100, 6),
(70209, 'kultúra', 'Tiszatáj', NULL, NULL, 3000, 6000, 12),
(32102, 'kultúra', 'Alföld', NULL, NULL, 3600, 7200, 12),
(610355, 'tudomány', 'Történelmi Szemle', NULL, NULL, NULL, 3400, 4),
(421904, 'közélet', 'Váci Napló', 750, 2250, 4500, 9000, 52),
(541246, 'kultúra', 'Váci Polgár', 150, 450, 900, 1800, 12),
(21205, 'politika', 'Vasárnapi Hírek', 920, 2700, 5160, 9960, 52),
(73903, 'kultúra', 'Vasi Szemle', NULL, NULL, NULL, 2790, 6);
COMMIT;

/*!40101 SET CHARACTER_SET_CLIENT=@OLD_CHARACTER_SET_CLIENT */;
/*!40101 SET CHARACTER_SET_RESULTS=@OLD_CHARACTER_SET_RESULTS */;
/*!40101 SET COLLATION_CONNECTION=@OLD_COLLATION_CONNECTION */;
