-- phpMyAdmin SQL Dump
-- version 5.2.0
-- https://www.phpmyadmin.net/
--
-- Gép: 127.0.0.1
-- Létrehozás ideje: 2023. Feb 28. 18:30
-- Kiszolgáló verziója: 10.4.27-MariaDB
-- PHP verzió: 8.2.0

SET SQL_MODE = "NO_AUTO_VALUE_ON_ZERO";
START TRANSACTION;
SET time_zone = "+00:00";


/*!40101 SET @OLD_CHARACTER_SET_CLIENT=@@CHARACTER_SET_CLIENT */;
/*!40101 SET @OLD_CHARACTER_SET_RESULTS=@@CHARACTER_SET_RESULTS */;
/*!40101 SET @OLD_COLLATION_CONNECTION=@@COLLATION_CONNECTION */;
/*!40101 SET NAMES utf8mb4 */;

--
-- Adatbázis: `kozossegi`
--

-- --------------------------------------------------------

--
-- Tábla szerkezet ehhez a táblához `diak`
--

CREATE TABLE `diak` (
  `id` int(3) DEFAULT NULL,
  `nev` varchar(20) DEFAULT NULL,
  `osztaly` varchar(4) DEFAULT NULL
) ENGINE=InnoDB DEFAULT CHARSET=utf8 COLLATE=utf8_general_ci;

--
-- A tábla adatainak kiíratása `diak`
--

INSERT INTO `diak` (`id`, `nev`, `osztaly`) VALUES
(1, 'Pék Roland', '10/D'),
(2, 'Illin Zita', '11/D'),
(3, 'Ördögh Dániel', '10/D'),
(4, 'Barta Ildikó', '11/D'),
(5, 'Simony Kata', '10/D'),
(6, 'Csepreg Natália', '9/D'),
(7, 'Nagy Petra', '10/D'),
(8, 'Vörös Dóra', '11/D'),
(9, 'Varga Boldizsár', '11/D'),
(10, 'Szilágyi Réka', '11/D'),
(11, 'Helle Ágnes', '10/D'),
(12, 'Gyömbér Anna', '11/D'),
(13, 'Farkas Dária', '10/D'),
(14, 'Barta Zsuzsanna', '11/D'),
(15, 'Schiss Bence', '9/D'),
(16, 'Szabó Attila', '9/D'),
(17, 'Nagy Dorottya', '11/D'),
(18, 'Lengyel Lilla', '11/B'),
(19, 'Csiszár Nikolett', '11/D'),
(20, 'Kond Lili', '10/D'),
(21, 'Fehér Orsolya', '11/D'),
(22, 'Haskó Fanni', '10/D'),
(23, 'Sós Gábor', '11/D'),
(24, 'Kondász Ferenc', '9/D'),
(25, 'Magyari Tekla', '9/D'),
(26, 'Nagy Enikő', '9/D'),
(27, 'Kónya Barbara', '10/D'),
(28, 'Kollár Zóra', '11/D'),
(29, 'Petrás Lili', '10/D'),
(30, 'Lucza Kata', '10/D'),
(31, 'Szabad Eta', '9/D'),
(32, 'Iványi Gréta', '10/D'),
(33, 'Ráskai Kata', '9/D'),
(34, 'Toldi Viktória', '10/D'),
(35, 'Török Róbert', '9/D'),
(36, 'Oláh Soma', '10/D'),
(37, 'Pintér Tímea', '11/D'),
(38, 'Kasznár Henrietta', '9/D'),
(39, 'Bodó Bence', '10/D'),
(40, 'Ádám Bella', '11/D'),
(41, 'Hegyközi Martin', '9/D'),
(42, 'Kiss Dorina', '10/D'),
(43, 'Háló Ildikó', '11/D'),
(44, 'Ficzak Lili', '10/D'),
(45, 'Juhász Viktor', '10/D'),
(46, 'Dombovári Anna', '9/D'),
(47, 'Marosi Mercédesz', '10/D'),
(48, 'Bozóki Gábor', '10/D'),
(49, 'Szabó Lilla', '11/D'),
(50, 'Csank János', '11/D'),
(51, 'Kárpáti Ádám', '11/D'),
(52, 'Peregi Petra', '11/D'),
(53, 'Sebők Dániel', '9/D'),
(54, 'Balassa Viktor', '11/D'),
(55, 'Kovács Anett', '10/D'),
(56, 'Papp Viola', '11/D'),
(57, 'Lehóczky Nanetta', '10/D'),
(58, 'Gajda Blanka', '10/D'),
(59, 'Buzás Fabióla', '11/D'),
(60, 'Takács Márkó', '11/D'),
(61, 'Varga Mónika', '9/D'),
(62, 'Papp Evelin', '9/D'),
(63, 'Kovács Alexandra', '9/D'),
(64, 'Árpás Soma', '11/D'),
(65, 'Erdélyi Réka', '9/D'),
(66, 'Kahi Zsanett', '11/D'),
(67, 'Betyák Éva', '9/D'),
(68, 'Bozó Noémi', '9/D'),
(69, 'Kerényi Zsuzsanna', '11/D'),
(70, 'István Luca', '10/D'),
(71, 'Rideg Emília', '10/D'),
(72, 'Szurovecz Nóra', '10/D'),
(73, 'Józsa Sára', '9/D'),
(74, 'Thury Lilla', '10/D'),
(75, 'Hajdú Zília', '10/D'),
(76, 'Kertész Bence', '9/D'),
(77, 'Bánfi Bernadett', '9/D'),
(78, 'Ormódi Viktor', '10/D'),
(79, 'Szolnoki Martin', '9/D'),
(80, 'Szabó Vivien', '9/D'),
(81, 'Böröcz Mónika', '9/D'),
(82, 'Gyémánt Péter', '9/D'),
(83, 'Halász Anett', '9/D'),
(84, 'Lengyel Dóra', '9/D'),
(85, 'Czirok Anna', '9/D'),
(86, 'Kovács Norbert', '10/D'),
(87, 'Borbás Géza', '9/D'),
(88, 'Elek Miklós', '11/D'),
(89, 'Nagy Renáta', '9/D'),
(90, 'Ádám Izolda', '10/D'),
(91, 'Kis Beáta', '10/D'),
(92, 'Bóna Zsuzsanna', '11/D'),
(93, 'Kertész András', '11/D'),
(94, 'Kimler Nikolett', '9/D'),
(95, 'Molnár Ádám', '9/D'),
(96, 'Bodza Tamás', '11/C'),
(97, 'Fülöp Blanka', '10/D'),
(98, 'Tombácz Miklós', '11/B'),
(99, 'Kenderesi Máté', '10/D'),
(100, 'Alföldi Annamária', '10/D'),
(101, 'Mihalcsik Dániel', '9/D'),
(102, 'Farkas Anett', '9/D'),
(103, 'Takács Rebeka', '11/B'),
(104, 'Lajkó Réka', '11/C'),
(105, 'Guba Anna', '11/B'),
(106, 'Molnár Márton', '11/A'),
(107, 'Balogh Lili', '11/A'),
(108, 'Selmeci Dóra', '11/C'),
(109, 'Dancs György', '11/B'),
(110, 'Mészáros Emese', '11/B'),
(111, 'Vásárhelyi Tamás', '11/A'),
(112, 'Gyuris Zsófia', '11/B'),
(113, 'Kis Antal', '11/A'),
(114, 'Karácsonyi Zsófia', '11/C'),
(115, 'Hódi Lőrinc', '11/B'),
(116, 'Szántó Johanna', '11/A'),
(117, 'Balog Kristóf', '11/A'),
(118, 'Firge Nóra', '11/B'),
(119, 'Májer Orsolya', '11/C'),
(120, 'Papp Éva', '11/C'),
(121, 'Nagy Fanni', '11/A'),
(122, 'Dávid Bettina', '11/B'),
(123, 'Csernyik Sára', '11/C'),
(124, 'Ludányi Flóra', '11/A'),
(125, 'Kovács László', '11/B'),
(126, 'Deák István', '11/C'),
(127, 'Sisák Andrea', '11/B'),
(128, 'Erdélyi Krisztina', '11/A'),
(129, 'Schulcz Daniella', '11/B'),
(130, 'Engi Zsuzsanna', '11/B'),
(131, 'Koltay Emese', '11/A'),
(132, 'Vári Lívia', '11/A'),
(133, 'Szamosközi Gergely', '11/B'),
(134, 'Somogyi Márk', '11/A'),
(135, 'Bakai József', '11/C'),
(136, 'Gábor Katalin', '11/C'),
(137, 'Jónás Ágota', '11/C'),
(138, 'Barta Tamás', '11/C'),
(139, 'Juhász Ákos', '11/C'),
(140, 'Szántó Kornélia', '11/C'),
(141, 'Petrik Zsófia', '11/B'),
(142, 'Durczás Réka', '11/C'),
(143, 'Dancs Richárd', '11/C'),
(144, 'Arany Péter', '11/C'),
(145, 'Hart Alíz', '11/B'),
(146, 'Mészáros Renáta', '11/C'),
(147, 'Fröhlich Zsombor', '11/C'),
(148, 'Biró Nóra', '11/C'),
(149, 'Peták Helga', '11/A'),
(150, 'Kerti Borbála', '11/B'),
(151, 'Szántó Ákos', '11/C'),
(152, 'Nyári Péter', '11/C'),
(153, 'Jak Balázs', '11/C'),
(154, 'Sikk Dániel', '11/C'),
(155, 'Mészáros Flóra', '11/A'),
(156, 'Szerencsés Zsófia', '11/C'),
(157, 'Pesti Richárd', '11/C'),
(158, 'Bertók Dániel', '11/A'),
(159, 'Tomka Máté', '11/A'),
(160, 'Végh Vanessa', '11/A'),
(161, 'Vass András', '11/B'),
(162, 'Forgó Annamária', '11/A'),
(163, 'Skót Tamara', '11/A'),
(164, 'Bozó Dániel', '11/A'),
(165, 'Korom Viola', '11/B'),
(166, 'Kovács Dominika', '11/A'),
(167, 'Farkas Máté', '11/C'),
(168, 'Vezsi Attila', '11/C'),
(169, 'Zsikai Krisztina', '11/B'),
(170, 'Neuer Benedek', '11/B'),
(171, 'Nagy Máté', '11/B'),
(172, 'Farkas Stella', '11/A'),
(173, 'Kristóf Réka', '11/A'),
(174, 'Bodnár Kinga', '11/A'),
(175, 'Patonai Dóra', '11/C'),
(176, 'Font Bernadett', '11/A'),
(177, 'Boldizsár Tas', '11/B'),
(178, 'Szabó Dorottya', '11/C'),
(179, 'Benkő Tünde', '11/C'),
(180, 'Zsolczai Balázs', '11/A'),
(181, 'Szepes Edit', '10/A'),
(182, 'Tóth Luca', '11/B'),
(183, 'Kiss Nikolett', '11/B'),
(184, 'Mészáros Zsuzsanna', '11/A'),
(185, 'Janka Csanád', '11/A'),
(186, 'Csete Boglárka', '11/B'),
(187, 'Rabi Szimonetta', '11/B'),
(188, 'Fődi Noémi', '11/B'),
(189, 'Gyulai Noémi', '11/B'),
(190, 'Fodor Viktória', '11/A'),
(191, 'Földesi Tamás', '11/B'),
(192, 'Kovács Bence', '11/C'),
(193, 'Siklósi Jolán', '11/B'),
(194, 'Mészáros Réka', '11/B'),
(195, 'Rácz Elza', '11/A'),
(196, 'Horváth Viktória', '11/A'),
(197, 'Lehoczky Máté', '11/B'),
(198, 'Kovács Kata', '11/B'),
(199, 'Bozsó Zsófia', '11/A'),
(200, 'Jójárt Nóra', '11/C'),
(201, 'Marosi Zsanett', '11/C'),
(202, 'Bajus Fruzsina', '11/C'),
(203, 'Ördög Lili', '11/B'),
(204, 'Alsó Dóra', '11/B'),
(205, 'Honti Viktória', '11/C'),
(206, 'Matuska Zita', '11/C'),
(207, 'Bóka Nátán', '11/B'),
(208, 'Seprenyi Lajos', '11/A'),
(209, 'Derék Ágnes', '11/A'),
(210, 'Pálfi Henrietta', '11/A'),
(211, 'Urbán Csenge', '11/B'),
(212, 'Erdélyi Kristóf', '9/D'),
(213, 'Boros János', '10/C'),
(214, 'Motyovszki Márk', '10/C'),
(215, 'Márton Hunor', '10/C'),
(216, 'Belső Regina', '10/A'),
(217, 'Veres Zsófia', '10/B'),
(218, 'Mari Éva', '10/C'),
(219, 'Kovalcsik Evelin', '10/B'),
(220, 'Tari Zsófia', '10/C'),
(221, 'Mészáros Réka Flóra', '10/C'),
(222, 'Igaz Dóra', '10/B'),
(223, 'Molnár Zsombor', '10/C'),
(224, 'Váczi Levente', '10/B'),
(225, 'Farkas Sára', '10/C'),
(226, 'Szalai Máté', '10/B'),
(227, 'Varga Kristóf', '10/B'),
(228, 'Deme Krisztina', '10/C'),
(229, 'Jabb Anna', '10/B'),
(230, 'Ábrahám Katalin', '10/A'),
(231, 'Dani Georgina', '10/A'),
(232, 'Molnár Enikő', '10/A'),
(233, 'Árva Ákos', '10/A'),
(234, 'Scmok Georgina', '10/A'),
(235, 'Nyíl Zsófia', '10/A'),
(236, 'Demke Lili', '10/C'),
(237, 'Sári Zsófia', '10/C'),
(238, 'Seres Lilla', '10/A'),
(239, 'Vass Flóra', '10/A'),
(240, 'Kocsis Szabrina', '10/B'),
(241, 'Macsák Nóra', '10/C'),
(242, 'Sipos Erik', '10/C'),
(243, 'Gyebrovszki Csilla', '10/A'),
(244, 'Mészáros Kata', '10/A'),
(245, 'Sáringer Lilla', '10/C'),
(246, 'Kiss Dóra', '10/A'),
(247, 'Tóth Barbara', '10/A'),
(248, 'Keleti Hanna', '10/C'),
(249, 'Lehotai Anna', '10/C'),
(250, 'Sári Péter', '10/A'),
(251, 'Péter Gábor', '10/C'),
(252, 'Csala Ádám', '10/A'),
(253, 'Nyilas Ákos', '10/A'),
(254, 'Meleg Dániel', '10/C'),
(255, 'Kardos Éva', '10/C'),
(256, 'Király Petra', '10/B'),
(257, 'Werth Eszter', '10/C'),
(258, 'Hideg Lili', '10/C'),
(259, 'Bodor Borbála', '10/C'),
(260, 'Kallai Kata', '10/C'),
(261, 'Török Anett', '10/C'),
(262, 'Pusztai Bálint', '10/A'),
(263, 'Kispál Péter', '10/A'),
(264, 'Hegedűs Zsófia', '10/B'),
(265, 'Tamáska Lilla', '10/A'),
(266, 'Zsikó Veronika', '10/A'),
(267, 'Kampós Eszter', '10/B'),
(268, 'Kincses Noémi', '10/B'),
(269, 'Csonka József', '10/A'),
(270, 'Grosz Kata', '10/B'),
(271, 'Hóka Ágnes', '10/B'),
(272, 'Rozmár Eszter', '10/B'),
(273, 'Kasza Bence', '10/A'),
(274, 'Csorba Luca', '10/C'),
(275, 'Papp Sára', '10/B'),
(276, 'Ilke Adél', '10/A'),
(277, 'Harkály Klaudia', '10/B'),
(278, 'Zombori Réka', '10/B'),
(279, 'Hegedű Fanni', '10/C'),
(280, 'Balogh Viola', '10/B'),
(281, 'Papp Laura', '10/B'),
(282, 'Fekete Réka', '10/B'),
(283, 'Bárány Katalin', '10/A'),
(284, 'Vörös Lívia', '10/A'),
(285, 'Illés László', '10/B'),
(286, 'Varga Melitta', '10/A'),
(287, 'Fehér Krisztina', '10/A'),
(288, 'Szolga Ádám', '10/A'),
(289, 'Bálint Júlia', '10/B'),
(290, 'Tamás Dóra', '10/B'),
(291, 'Tóth Veronika', '10/C'),
(292, 'Kostyál Enikő', '10/B'),
(293, 'Menge Blanka', '10/C'),
(294, 'Brávik Lili', '10/A'),
(295, 'Gesztes Beáta', '10/A'),
(296, 'Lévai Tamás', '10/A'),
(297, 'Farkas Ágota', '10/C'),
(298, 'Pammer Petra', '10/A'),
(299, 'Juhász Anna', '10/B'),
(300, 'Vincze Annabella', '10/A'),
(301, 'Balogh Valentina', '10/C'),
(302, 'Tóth László', '10/A'),
(303, 'Püski Kitti', '10/B'),
(304, 'Kotroczó Barnabás', '10/A'),
(305, 'Boldog Dániel', '10/C'),
(306, 'Gárgyán Patrik', '10/C'),
(307, 'Baka Ágota', '10/B'),
(308, 'Pataki Gábor', '10/B'),
(309, 'Almási Rebeka', '10/B'),
(310, 'Kiss Márton', '10/A'),
(311, 'Farkas Barnabás', '10/C'),
(312, 'Iván Gedeon', '10/B'),
(313, 'Jánosi Zsófia', '10/B'),
(314, 'Nagy Zsombor', '10/C'),
(315, 'Silver Zoltán', '10/C'),
(316, 'Bálint Leticia', '10/B'),
(317, 'Réti Dániel', '10/A'),
(318, 'Hódi Emese', '10/B'),
(319, 'Csőke Alexandra', '10/A'),
(320, 'Lengyel Trisztán', '9/B'),
(321, 'Kiss Brigitta', '9/A'),
(322, 'Réti Döme', '9/B'),
(323, 'Szabó Noémi', '9/B'),
(324, 'Hajnal Fanni', '9/C'),
(325, 'Bitó Bálint', '9/B'),
(326, 'Heller Szabolcs', '9/A'),
(327, 'Balogh Nikolett', '9/A'),
(328, 'Erk Fruzsina', '9/C'),
(329, 'Varga Szilvia', '9/C'),
(330, 'Bajnai Krisztián', '9/A'),
(331, 'Nyári Barnabás', '9/A'),
(332, 'Szepesi Vivien', '9/A'),
(333, 'Patyi Tamás', '9/C'),
(334, 'Paja Tamás', '9/C'),
(335, 'Kincses Kristóf', '9/B'),
(336, 'Vass Anna', '9/A'),
(337, 'Tésnyei Tamás', '9/B'),
(338, 'Árpádfalvi Enikő', '9/B'),
(339, 'Tóth Ákos', '9/C'),
(340, 'Kertész Szilvia', '9/B'),
(341, 'Meller Gabriella', '9/A'),
(342, 'Csuka Beáta', '9/A'),
(343, 'Hegedűs Zénó', '9/A'),
(344, 'Kovács Szilárd', '9/C'),
(345, 'Szovics Dóra', '9/C'),
(346, 'Sümegi Zsanett', '9/A'),
(347, 'Lukács Tamás', '9/C'),
(348, 'Gárgyán Rita', '9/A'),
(349, 'Szirovicza Bernadett', '9/A'),
(350, 'Halk János', '9/B'),
(351, 'Borda Tibor', '9/B'),
(352, 'Hal Bettina', '9/C'),
(353, 'Kun Dániel', '9/C'),
(354, 'Pless Gergő', '9/C'),
(355, 'Moldován Tamás', '9/A'),
(356, 'Pop Ramóna', '9/C'),
(357, 'Horváth Lili', '9/C'),
(358, 'Móricz Rea', '9/A'),
(359, 'Jenei Dániel', '9/A'),
(360, 'Vlocskó Gábor', '9/C'),
(361, 'Szűcs Péter', '9/B'),
(362, 'Dömötör Enikő', '9/C'),
(363, 'Pásztor Nándor', '9/C'),
(364, 'Elek Vivien', '9/C'),
(365, 'Nagy Balázs', '9/C'),
(366, 'Jenke Adrienn', '9/C'),
(367, 'Lehoczki Réka', '9/C'),
(368, 'Binszki Zoé', '9/C'),
(369, 'Kamarás Attila', '9/A'),
(370, 'Mezőlaki Bendegúz', '9/C'),
(371, 'Gyapjas László', '9/B'),
(372, 'Máté Martin', '9/B'),
(373, 'Kerekes Patrícia', '9/A'),
(374, 'Kónya Patrik', '9/B'),
(375, 'Csáki Márton', '9/A'),
(376, 'Gecse Dóra', '9/B'),
(377, 'Molnár Tünde', '9/A'),
(378, 'Rabi Máté', '9/B'),
(379, 'Garai Adél', '9/A'),
(380, 'Rádi Bianka', '9/B'),
(381, 'Pannonhalmi Martin', '9/B'),
(382, 'Kása Lilla', '9/A'),
(383, 'Varga Zsolt', '9/B'),
(384, 'Szűcs Mónika', '9/C'),
(385, 'Kun Tamás', '9/B'),
(386, 'Szabados Balázs', '9/B'),
(387, 'Szécsi Brigitta', '9/A'),
(388, 'Balázs Domonkos', '9/C'),
(389, 'Nagy Ákos', '9/B'),
(390, 'Dóka Dóra', '9/C'),
(391, 'Sisák Judit', '9/B'),
(392, 'Takács Lilla', '9/A'),
(393, 'Avas Márton', '9/A'),
(394, 'Gyimóth Patrik', '9/B'),
(395, 'Jónás László', '9/B'),
(396, 'Bróm Bettina', '9/C'),
(397, 'Gudmann Annamária', '9/C'),
(398, 'Kiss Noémi', '9/C'),
(399, 'Barna Zita', '9/A'),
(400, 'Dorogi Emese', '9/C'),
(401, 'Ajtósi Patrik', '9/B'),
(402, 'Lenkei Tamás', '9/B'),
(403, 'Zelei Melitta', '9/A'),
(404, 'Kelemen Zsófia', '9/A'),
(405, 'Szűcs Kornél', '9/A'),
(406, 'Rácz Flóra', '9/B'),
(407, 'Ódor Luca', '9/A'),
(408, 'Rádi Luca', '9/A'),
(409, 'Vastag Tibor', '9/C'),
(410, 'Kisteleki Igor', '9/B'),
(411, 'Antalics Dominika', '9/A'),
(412, 'Horváth Ferenc', '9/B'),
(413, 'Lengyel Ádám', '9/B'),
(414, 'Kozma Klaudia', '9/B'),
(415, 'Csizmadia Vivien', '9/C'),
(416, 'Reszegi Béla', '9/A'),
(417, 'Lénárt Sára', '9/A'),
(418, 'Bogdándi Dávid', '9/B'),
(419, 'Buzás György', '9/A'),
(420, 'Ridegh Anna', '9/B'),
(421, 'Koncz Béla', '9/A'),
(422, 'Kolozsvári Zsófia', '9/C'),
(423, 'Kiss Alexandra', '9/C'),
(424, 'Juhász Anasztázia', '9/C'),
(425, 'Molnár Alex', '9/A'),
(426, 'Berti Gergely', '11/C'),
(427, 'Újfalusi Zsófia', '9/B'),
(428, 'Németh Viktória', '9/D'),
(429, 'Vőneki Milán', '10/B');

-- --------------------------------------------------------

--
-- Tábla szerkezet ehhez a táblához `jelentkezes`
--

CREATE TABLE `jelentkezes` (
  `diakid` int(3) DEFAULT NULL,
  `munkaid` int(4) DEFAULT NULL,
  `ervenyes` int(2) DEFAULT NULL,
  `elfogadva` int(2) DEFAULT NULL,
  `teljesitve` int(2) DEFAULT NULL
) ENGINE=InnoDB DEFAULT CHARSET=utf8 COLLATE=utf8_general_ci;

--
-- A tábla adatainak kiíratása `jelentkezes`
--

INSERT INTO `jelentkezes` (`diakid`, `munkaid`, `ervenyes`, `elfogadva`, `teljesitve`) VALUES
(384, 5968, -1, -1, 0),
(179, 5983, -1, -1, -1),
(375, 5953, 0, 0, 0),
(375, 6003, -1, -1, -1),
(160, 6005, -1, -1, -1),
(342, 5954, -1, 0, 0),
(387, 5964, -1, -1, -1),
(60, 5989, -1, -1, -1),
(60, 6004, -1, -1, -1),
(192, 5997, -1, 0, 0),
(329, 5999, -1, -1, -1),
(387, 5969, -1, -1, -1),
(387, 5955, -1, -1, -1),
(233, 6014, -1, -1, -1),
(233, 5985, -1, 0, 0),
(311, 5949, -1, -1, -1),
(311, 5950, -1, -1, -1),
(161, 6043, -1, -1, -1),
(161, 6042, -1, -1, -1),
(161, 6041, 0, 0, 0),
(161, 6044, -1, -1, -1),
(161, 6046, -1, 0, 0),
(161, 6045, -1, -1, -1),
(161, 6048, -1, -1, -1),
(161, 6047, -1, -1, -1),
(161, 6049, -1, -1, -1),
(174, 5984, -1, -1, -1),
(174, 5959, -1, -1, -1),
(174, 5960, -1, -1, -1),
(111, 5975, 0, 0, 0),
(111, 5956, -1, 0, 0),
(111, 5981, -1, -1, -1),
(39, 5995, -1, 0, 0),
(276, 5951, -1, -1, -1),
(276, 6006, -1, -1, -1),
(276, 5972, -1, 0, 0),
(276, 6002, -1, -1, -1),
(276, 5965, -1, -1, -1),
(276, 5970, -1, -1, -1),
(60, 6000, -1, -1, -1),
(60, 5990, -1, -1, -1),
(60, 6015, -1, -1, -1),
(251, 6164, -1, -1, -1),
(69, 6164, -1, -1, -1),
(5, 6164, 0, 0, 0),
(302, 6164, -1, -1, -1),
(231, 6164, -1, -1, -1),
(316, 6164, -1, -1, -1),
(316, 6163, -1, -1, -1),
(5, 6163, -1, -1, -1),
(302, 6163, -1, -1, 0),
(69, 6163, -1, -1, -1),
(251, 6163, 0, 0, 0),
(231, 6163, -1, -1, -1),
(69, 6166, -1, -1, -1),
(5, 6166, -1, -1, -1),
(302, 6166, -1, -1, -1),
(316, 6166, -1, -1, -1),
(231, 6166, -1, -1, -1),
(251, 6166, -1, -1, -1),
(69, 6165, -1, -1, -1),
(5, 6165, -1, -1, -1),
(302, 6165, -1, -1, -1),
(316, 6165, -1, -1, -1),
(231, 6165, 0, 0, 0),
(251, 6165, -1, -1, -1),
(69, 6170, -1, -1, -1),
(5, 6170, -1, -1, -1),
(302, 6170, -1, -1, -1),
(316, 6170, -1, -1, -1),
(231, 6170, -1, -1, -1),
(251, 6170, -1, -1, -1),
(69, 6169, -1, -1, -1),
(5, 6169, -1, -1, -1),
(302, 6169, -1, -1, -1),
(316, 6169, -1, -1, -1),
(231, 6169, -1, -1, -1),
(251, 6169, -1, -1, -1),
(125, 6116, -1, -1, -1),
(78, 6198, -1, -1, -1),
(146, 6123, -1, -1, -1),
(146, 6118, -1, -1, -1),
(146, 6124, -1, -1, -1),
(314, 6118, -1, -1, -1),
(314, 6123, -1, -1, -1),
(314, 6124, -1, -1, -1),
(356, 6119, 0, 0, 0),
(356, 6125, -1, -1, -1),
(78, 6217, -1, -1, -1),
(361, 6217, -1, -1, -1),
(245, 6217, -1, -1, 0),
(380, 6220, -1, -1, -1),
(15, 6167, -1, -1, -1),
(62, 6167, -1, -1, -1),
(15, 6220, -1, -1, -1),
(62, 6220, -1, -1, -1),
(15, 6218, -1, -1, -1),
(62, 6218, -1, -1, -1),
(417, 6220, -1, -1, -1),
(355, 6218, -1, -1, -1),
(251, 6168, -1, -1, 0),
(399, 6220, -1, -1, -1),
(185, 6220, 0, 0, 0),
(356, 6218, -1, -1, -1),
(356, 6219, 0, 0, 0),
(393, 6218, -1, -1, -1),
(352, 6218, -1, -1, -1),
(352, 6221, -1, 0, 0),
(393, 6221, -1, -1, -1),
(58, 6117, -1, -1, -1),
(211, 6218, -1, -1, -1),
(211, 6219, -1, -1, -1),
(211, 6170, -1, -1, -1),
(371, 6218, -1, -1, -1),
(371, 6219, 0, 0, 0),
(39, 6218, -1, -1, -1),
(39, 6219, -1, -1, -1),
(39, 6168, -1, -1, -1),
(157, 6219, -1, -1, -1),
(357, 6219, -1, -1, -1),
(22, 6218, -1, -1, -1),
(424, 6119, -1, -1, -1),
(84, 6119, -1, -1, -1),
(125, 6251, 0, 0, 0),
(399, 6251, -1, -1, -1),
(52, 6219, -1, -1, -1),
(356, 6251, -1, -1, -1),
(185, 6251, -1, -1, -1),
(91, 6221, -1, -1, -1),
(197, 6219, 0, 0, 0),
(382, 6219, -1, -1, -1),
(417, 6125, -1, -1, -1),
(421, 6348, -1, -1, -1),
(313, 6287, -1, -1, -1),
(20, 6364, -1, -1, -1),
(198, 6287, -1, -1, -1),
(373, 6287, -1, -1, -1),
(312, 6369, -1, -1, -1),
(417, 6287, 0, 0, 0),
(417, 6369, -1, -1, -1),
(417, 6370, -1, -1, -1),
(175, 6219, -1, -1, -1),
(6, 6287, -1, -1, -1),
(309, 6221, -1, -1, -1),
(309, 6371, -1, -1, -1),
(3, 6321, -1, -1, -1),
(58, 6377, -1, -1, -1),
(114, 6377, -1, -1, -1),
(26, 6404, -1, -1, -1),
(26, 6403, -1, -1, -1),
(26, 6406, -1, -1, 0),
(26, 6405, -1, -1, -1),
(161, 6410, -1, -1, 0),
(161, 6409, -1, -1, -1),
(161, 6413, -1, -1, -1),
(161, 6412, -1, -1, -1),
(161, 6411, -1, -1, -1),
(161, 6415, -1, -1, -1),
(161, 6414, -1, -1, -1),
(161, 6417, -1, -1, -1),
(161, 6416, -1, -1, -1),
(161, 6418, -1, -1, -1),
(49, 6294, -1, -1, -1),
(146, 6372, -1, -1, -1),
(230, 6381, -1, -1, -1),
(146, 6381, -1, -1, -1),
(230, 6376, -1, -1, -1),
(146, 6376, -1, 0, 0),
(408, 6299, -1, -1, -1),
(408, 6311, -1, -1, -1),
(408, 6360, -1, -1, -1),
(91, 6398, -1, -1, -1),
(91, 6408, 0, 0, 0),
(408, 6349, -1, -1, -1),
(408, 6300, -1, -1, -1),
(408, 6350, -1, -1, -1),
(408, 6361, -1, -1, -1),
(312, 6372, -1, -1, -1),
(380, 6399, -1, -1, -1),
(111, 6338, -1, -1, -1),
(111, 6335, -1, -1, -1),
(111, 6306, -1, -1, -1),
(111, 6329, -1, -1, -1),
(261, 6399, 0, 0, 0),
(399, 6399, -1, -1, -1),
(185, 6399, -1, -1, -1),
(125, 6399, -1, -1, -1),
(415, 6424, -1, -1, -1),
(417, 6398, -1, -1, -1),
(417, 6379, -1, -1, -1),
(417, 6391, 0, 0, 0),
(417, 6373, -1, -1, -1),
(248, 6391, -1, -1, -1),
(91, 6400, -1, 0, 0),
(15, 6400, -1, -1, -1),
(62, 6400, -1, 0, 0),
(417, 6375, 0, 0, 0),
(417, 6382, -1, 0, 0),
(417, 6380, -1, -1, -1),
(53, 6378, 0, 0, 0),
(53, 6373, -1, -1, -1),
(53, 6374, -1, -1, -1),
(53, 6379, -1, -1, -1),
(53, 6382, -1, -1, -1),
(3, 6351, -1, -1, -1),
(230, 6445, -1, -1, -1),
(264, 6400, 0, 0, 0),
(96, 6400, -1, -1, -1),
(245, 6447, -1, -1, -1),
(15, 6438, -1, -1, -1),
(15, 6440, -1, -1, -1),
(62, 6438, -1, -1, -1),
(62, 6440, -1, 0, 0),
(156, 6438, -1, -1, -1),
(211, 6320, -1, -1, -1),
(211, 6340, -1, -1, -1),
(19, 6504, -1, -1, -1),
(19, 6505, -1, -1, -1),
(19, 6506, -1, -1, -1),
(245, 6510, -1, -1, -1),
(258, 6510, -1, -1, -1),
(126, 6510, -1, -1, -1),
(412, 6513, 0, 0, 0),
(132, 6513, -1, -1, -1),
(412, 6512, -1, -1, -1),
(132, 6512, -1, -1, 0),
(309, 6514, -1, -1, -1),
(65, 6514, -1, -1, -1),
(309, 6515, -1, -1, -1),
(65, 6515, 0, 0, 0),
(68, 6515, -1, -1, -1),
(68, 6514, -1, -1, -1),
(113, 6437, -1, -1, -1),
(408, 6314, -1, -1, -1),
(408, 6363, -1, -1, -1),
(408, 6302, -1, -1, -1),
(216, 6437, -1, -1, -1),
(309, 6375, -1, -1, -1),
(248, 6441, -1, -1, -1),
(58, 6438, -1, -1, -1),
(103, 6438, -1, -1, -1),
(103, 6440, -1, -1, -1),
(312, 6554, -1, -1, -1),
(425, 6554, 0, 0, 0),
(3, 6346, 0, 0, 0),
(3, 6352, -1, -1, -1),
(393, 6520, -1, -1, -1),
(393, 6549, -1, -1, -1),
(114, 6441, -1, -1, -1),
(114, 6442, -1, -1, -1),
(91, 6531, -1, -1, -1),
(417, 6507, -1, -1, -1),
(417, 6508, -1, -1, -1),
(417, 6399, 0, 0, 0),
(429, 6599, -1, -1, -1),
(429, 6598, -1, -1, -1),
(110, 6546, -1, -1, -1),
(110, 6535, -1, -1, 0),
(110, 6547, -1, -1, -1),
(182, 6546, -1, -1, -1),
(182, 6535, -1, -1, -1),
(182, 6547, -1, 0, 0),
(157, 6517, -1, 0, 0),
(52, 6550, 0, 0, 0),
(350, 6550, -1, -1, -1),
(380, 6555, -1, -1, -1),
(53, 6375, -1, -1, -1),
(96, 6549, -1, -1, -1),
(96, 6539, -1, -1, 0),
(96, 6543, -1, -1, -1),
(313, 6517, -1, -1, -1),
(222, 6518, -1, -1, -1),
(6, 6555, -1, -1, -1),
(248, 6442, 0, 0, 0),
(382, 6557, 0, 0, 0),
(154, 6557, -1, -1, 0),
(197, 6557, -1, -1, -1),
(303, 6555, -1, -1, -1),
(303, 6536, -1, -1, -1),
(20, 6635, -1, -1, -1),
(313, 6636, -1, -1, -1),
(409, 6636, -1, -1, -1),
(78, 6639, -1, -1, -1),
(78, 6638, -1, -1, -1),
(78, 6642, -1, -1, -1),
(78, 6641, 0, 0, 0),
(78, 6640, -1, -1, -1),
(111, 6629, -1, -1, -1),
(111, 6627, -1, -1, -1),
(111, 6555, -1, -1, -1),
(114, 6548, -1, -1, 0),
(114, 6547, -1, -1, -1),
(114, 6552, -1, -1, -1),
(114, 6541, -1, -1, -1),
(58, 6442, 0, 0, 0),
(91, 6553, -1, -1, -1),
(342, 6623, -1, -1, -1),
(342, 6624, -1, -1, -1),
(342, 6630, -1, -1, -1),
(425, 6646, -1, -1, -1),
(312, 6646, -1, -1, -1),
(312, 6645, -1, -1, -1),
(425, 6645, -1, -1, -1),
(68, 6647, -1, -1, -1),
(38, 6647, -1, -1, -1),
(414, 6650, -1, -1, 0),
(38, 6650, -1, -1, -1),
(309, 6650, -1, -1, -1),
(38, 6649, -1, -1, -1),
(414, 6649, -1, 0, 0),
(309, 6649, -1, -1, -1),
(38, 6648, -1, -1, -1),
(414, 6648, -1, -1, -1),
(309, 6648, -1, -1, -1),
(38, 6651, -1, -1, -1),
(414, 6651, -1, -1, -1),
(309, 6651, -1, -1, -1),
(38, 6655, -1, 0, 0),
(38, 6654, 0, 0, 0),
(380, 6518, -1, 0, 0),
(408, 6603, -1, -1, -1),
(408, 6609, -1, -1, -1),
(408, 6615, -1, -1, -1),
(408, 6604, 0, 0, 0),
(408, 6610, -1, -1, -1),
(408, 6616, -1, -1, -1),
(408, 6605, -1, -1, -1),
(93, 6522, 0, 0, 0),
(20, 6656, -1, -1, -1),
(20, 6657, -1, -1, -1),
(312, 6658, -1, -1, -1),
(425, 6658, -1, -1, -1),
(20, 6659, 0, 0, 0),
(311, 6644, -1, -1, -1),
(218, 6644, -1, -1, -1),
(121, 6644, 0, 0, 0),
(250, 6644, -1, -1, -1),
(156, 6644, -1, -1, -1),
(50, 6644, -1, -1, -1),
(242, 6644, -1, -1, -1),
(114, 6537, -1, -1, -1),
(114, 6545, -1, -1, -1),
(58, 6548, -1, -1, -1),
(111, 6634, -1, -1, -1),
(315, 6530, -1, -1, -1),
(315, 6551, 0, 0, 0),
(174, 6553, -1, -1, -1),
(174, 6537, -1, -1, -1),
(174, 6541, -1, -1, -1),
(174, 6545, 0, 0, 0),
(258, 6697, -1, -1, -1),
(245, 6697, -1, -1, -1),
(126, 6697, -1, -1, -1),
(380, 6692, -1, -1, -1),
(380, 6689, -1, 0, 0),
(6, 6692, -1, -1, -1),
(6, 6689, 0, 0, 0),
(109, 6692, -1, -1, -1),
(109, 6696, -1, 0, 0),
(15, 6703, 0, 0, 0),
(15, 6702, -1, -1, -1),
(15, 6701, -1, 0, 0),
(15, 6700, -1, -1, -1),
(15, 6699, -1, -1, -1),
(15, 6708, -1, -1, -1),
(15, 6707, -1, -1, -1),
(15, 6706, 0, 0, 0),
(15, 6705, 0, 0, 0),
(15, 6704, -1, -1, -1),
(65, 6733, -1, -1, -1),
(68, 6733, -1, -1, -1),
(84, 6621, -1, -1, -1),
(40, 6734, -1, -1, -1),
(249, 6736, -1, -1, -1),
(249, 6735, -1, -1, -1),
(140, 6737, -1, -1, 0),
(44, 6737, -1, -1, -1),
(44, 6738, -1, -1, -1),
(140, 6738, -1, -1, -1),
(380, 6709, -1, -1, -1),
(380, 6710, -1, -1, -1),
(130, 6747, 0, 0, 0),
(71, 6747, -1, -1, -1),
(130, 6748, -1, -1, -1),
(71, 6748, -1, 0, 0),
(130, 6749, -1, -1, -1),
(71, 6749, -1, -1, -1),
(130, 6750, -1, -1, -1),
(71, 6750, -1, 0, 0),
(130, 6745, -1, -1, -1),
(71, 6745, -1, -1, -1),
(130, 6744, -1, -1, -1),
(71, 6744, -1, -1, -1),
(130, 6743, -1, -1, -1),
(71, 6743, -1, -1, -1),
(130, 6742, -1, -1, -1),
(71, 6742, -1, -1, -1),
(130, 6741, -1, -1, -1),
(71, 6741, -1, -1, -1),
(130, 6746, -1, -1, -1),
(71, 6746, -1, -1, -1),
(156, 6606, -1, 0, 0),
(56, 6718, -1, -1, -1),
(6, 6709, 0, 0, 0),
(6, 6720, -1, -1, -1),
(408, 6759, -1, 0, 0),
(109, 6718, -1, -1, -1),
(109, 6722, -1, -1, 0),
(109, 6726, -1, -1, -1),
(6, 6714, -1, -1, -1),
(6, 6722, -1, -1, -1),
(6, 6726, -1, -1, -1),
(109, 6721, -1, -1, -1),
(6, 6721, -1, -1, 0),
(6, 6719, -1, -1, -1),
(109, 6719, -1, -1, -1),
(109, 6711, 0, 0, 0),
(6, 6711, -1, -1, -1),
(6, 6715, -1, -1, 0),
(109, 6715, -1, -1, -1),
(6, 6718, -1, -1, -1),
(6, 6723, -1, -1, -1),
(109, 6723, -1, -1, -1),
(342, 6760, -1, -1, -1),
(342, 6796, -1, -1, -1),
(206, 6710, 0, 0, 0),
(120, 6710, -1, -1, -1),
(120, 6714, -1, 0, 0),
(206, 6714, -1, -1, -1),
(156, 6779, -1, -1, -1),
(280, 6711, -1, -1, -1),
(176, 6764, -1, -1, -1),
(176, 6804, -1, -1, -1),
(162, 6727, -1, 0, 0),
(162, 6732, 0, 0, 0),
(60, 6715, -1, -1, 0),
(382, 6756, -1, -1, -1),
(197, 6752, -1, -1, -1),
(352, 6800, -1, 0, 0),
(156, 6862, -1, -1, -1),
(156, 6772, -1, -1, -1),
(264, 6711, -1, -1, 0),
(423, 6711, -1, -1, -1),
(176, 6761, -1, -1, -1),
(294, 6862, -1, -1, -1),
(129, 6862, 0, 0, 0),
(313, 6862, -1, -1, -1),
(6, 6731, -1, -1, -1),
(6, 6730, -1, -1, -1),
(6, 6728, 0, 0, 0),
(6, 6729, -1, -1, -1),
(113, 6731, -1, -1, -1),
(420, 6862, -1, -1, 0),
(202, 6862, 0, 0, 0),
(174, 6862, -1, -1, -1),
(280, 6728, -1, -1, -1),
(109, 6730, -1, -1, -1),
(423, 6862, -1, -1, -1),
(216, 6862, -1, -1, -1),
(352, 6765, -1, -1, -1),
(23, 6727, 0, 0, 0),
(23, 6729, -1, -1, 0),
(23, 6731, -1, 0, 0),
(23, 6732, -1, -1, -1),
(309, 6910, -1, -1, -1),
(38, 6910, -1, -1, -1),
(38, 6909, -1, -1, -1),
(309, 6909, -1, -1, -1),
(38, 6908, -1, -1, -1),
(309, 6908, -1, -1, 0),
(78, 6913, -1, -1, -1),
(78, 6912, 0, 0, 0),
(78, 6911, 0, 0, 0),
(161, 6915, -1, -1, -1),
(161, 6914, -1, -1, -1),
(161, 6918, -1, -1, -1),
(161, 6917, -1, -1, -1),
(161, 6916, -1, -1, -1),
(273, 6727, -1, -1, -1),
(289, 6920, -1, -1, -1),
(117, 6921, -1, -1, -1),
(289, 6922, 0, 0, 0),
(117, 6922, -1, -1, -1),
(283, 6923, -1, -1, -1),
(259, 6923, 0, 0, 0),
(283, 6924, -1, -1, -1),
(259, 6924, -1, -1, -1),
(283, 6925, -1, -1, -1),
(259, 6925, -1, -1, -1),
(283, 6926, -1, -1, -1),
(259, 6926, -1, -1, -1),
(283, 6927, -1, 0, 0),
(259, 6927, -1, -1, -1),
(23, 6754, 0, 0, 0),
(23, 6802, -1, -1, -1),
(49, 6758, -1, -1, -1),
(355, 6798, -1, -1, -1),
(355, 6770, -1, -1, -1),
(373, 6774, -1, -1, -1),
(373, 6786, -1, -1, -1),
(176, 6978, -1, -1, -1),
(176, 6958, -1, -1, 0),
(410, 6934, -1, -1, -1),
(84, 6928, -1, -1, -1),
(342, 6968, -1, -1, -1),
(161, 7002, -1, -1, -1),
(176, 6959, -1, -1, -1),
(317, 7005, 0, 0, 0),
(258, 7005, -1, -1, -1),
(245, 7005, -1, -1, -1),
(126, 7005, -1, -1, -1),
(84, 6929, -1, -1, -1),
(176, 6979, -1, -1, -1),
(369, 7007, -1, -1, -1),
(175, 7008, -1, -1, -1),
(302, 7008, 0, 0, 0),
(235, 7008, -1, -1, -1),
(366, 7008, -1, -1, -1),
(224, 7008, -1, -1, -1),
(344, 7008, -1, -1, -1),
(188, 7008, -1, -1, -1),
(109, 7008, 0, 0, 0),
(289, 7009, -1, -1, -1),
(117, 7009, -1, -1, -1),
(289, 7010, -1, -1, 0),
(117, 7010, -1, -1, -1),
(410, 6936, -1, -1, -1),
(275, 6930, 0, 0, 0),
(95, 6975, -1, -1, -1),
(321, 6935, -1, -1, -1),
(321, 6985, -1, -1, -1),
(373, 7011, 0, 0, 0),
(227, 7011, -1, -1, -1),
(373, 7012, -1, 0, 0),
(227, 7012, -1, -1, -1),
(373, 7013, -1, -1, -1),
(227, 7013, -1, -1, -1),
(373, 7014, -1, -1, -1),
(227, 7014, -1, -1, 0),
(373, 7015, -1, -1, -1),
(227, 7015, -1, -1, -1),
(227, 7016, -1, -1, -1),
(373, 7016, -1, -1, -1),
(339, 7018, -1, -1, -1),
(28, 7018, -1, -1, -1),
(80, 6966, 0, 0, 0),
(80, 6967, -1, -1, -1),
(275, 6951, -1, -1, -1),
(321, 6941, -1, -1, -1),
(410, 6937, -1, -1, -1),
(211, 6946, -1, -1, -1),
(211, 6976, -1, -1, -1),
(211, 6962, -1, 0, 0),
(176, 6981, -1, -1, -1),
(410, 7019, -1, -1, -1),
(142, 7019, -1, -1, -1),
(9, 7019, -1, -1, -1),
(308, 7019, -1, -1, -1),
(424, 6932, -1, -1, -1),
(395, 7020, -1, -1, -1),
(14, 7020, -1, -1, 0),
(289, 7025, -1, -1, -1),
(117, 7025, -1, 0, 0),
(268, 7026, -1, -1, -1),
(344, 7026, -1, -1, -1),
(275, 6952, -1, -1, -1),
(275, 6977, -1, -1, -1),
(410, 7022, -1, -1, -1),
(410, 7023, -1, -1, -1),
(211, 6972, -1, -1, -1),
(332, 7024, -1, -1, -1),
(334, 6992, -1, -1, -1),
(206, 7021, -1, -1, -1),
(120, 7021, -1, -1, -1),
(203, 7022, 0, 0, 0),
(203, 7023, -1, -1, -1),
(411, 7027, -1, -1, -1),
(411, 7028, -1, -1, -1),
(411, 7029, -1, -1, -1),
(411, 7030, -1, -1, -1),
(411, 7031, 0, 0, 0),
(411, 7032, -1, -1, -1),
(411, 7033, -1, -1, -1),
(411, 7034, 0, 0, 0),
(411, 7035, -1, -1, -1),
(411, 7036, -1, -1, -1),
(411, 7037, -1, -1, -1),
(411, 7038, 0, 0, 0),
(395, 7024, -1, -1, -1),
(19, 7042, -1, -1, -1),
(176, 6982, -1, -1, -1),
(135, 7043, -1, -1, -1),
(278, 7043, -1, -1, -1),
(281, 7054, -1, -1, -1),
(416, 7054, -1, -1, -1),
(53, 7054, -1, -1, -1),
(109, 7054, -1, -1, -1),
(64, 7055, -1, -1, -1),
(333, 7055, -1, -1, -1),
(386, 7055, -1, -1, -1),
(238, 7055, -1, -1, -1),
(390, 7055, -1, -1, -1),
(87, 7055, 0, 0, 0),
(48, 7055, -1, -1, -1),
(237, 7055, -1, -1, -1),
(320, 7055, -1, -1, -1),
(363, 7055, -1, -1, -1),
(25, 7055, -1, -1, -1),
(47, 7055, -1, -1, -1),
(122, 7055, 0, 0, 0),
(237, 7056, 0, 0, 0),
(87, 7056, -1, -1, -1),
(48, 7056, -1, -1, -1),
(320, 7056, -1, -1, -1),
(237, 7057, -1, -1, -1),
(87, 7057, -1, -1, -1),
(48, 7057, -1, -1, -1),
(320, 7057, -1, 0, 0),
(237, 7058, -1, -1, -1),
(87, 7058, -1, -1, 0),
(48, 7058, -1, -1, -1),
(320, 7058, -1, -1, -1),
(48, 7059, 0, 0, 0),
(87, 7059, -1, -1, -1),
(25, 7059, -1, -1, -1),
(208, 7059, -1, -1, -1),
(320, 7059, -1, -1, -1),
(237, 7059, -1, -1, -1),
(333, 7059, -1, -1, -1),
(386, 7059, 0, 0, 0),
(25, 7060, -1, -1, -1),
(208, 7060, 0, 0, 0),
(238, 7060, -1, -1, -1),
(390, 7060, -1, -1, -1),
(333, 7060, -1, -1, -1),
(386, 7060, -1, -1, -1),
(122, 7060, -1, -1, -1),
(207, 7062, -1, -1, -1),
(239, 7062, -1, -1, -1),
(245, 7063, -1, -1, -1),
(126, 7063, -1, -1, -1),
(258, 7063, -1, -1, -1),
(64, 7064, -1, -1, -1),
(333, 7064, -1, -1, -1),
(386, 7064, -1, -1, -1),
(238, 7064, -1, -1, -1),
(390, 7064, 0, 0, 0),
(87, 7064, -1, -1, -1),
(48, 7064, -1, -1, -1),
(237, 7064, -1, -1, -1),
(320, 7064, -1, -1, -1),
(363, 7064, -1, -1, -1),
(25, 7064, -1, -1, -1),
(47, 7064, -1, -1, -1),
(122, 7064, -1, -1, -1),
(48, 7065, -1, -1, -1),
(87, 7065, -1, -1, -1),
(25, 7065, -1, -1, -1),
(208, 7065, -1, -1, -1),
(320, 7065, -1, -1, -1),
(237, 7065, -1, -1, -1),
(333, 7065, -1, -1, -1),
(386, 7065, -1, -1, -1),
(25, 7066, -1, -1, -1),
(208, 7066, 0, 0, 0),
(238, 7066, -1, -1, -1),
(390, 7066, -1, -1, -1),
(333, 7066, -1, -1, -1),
(386, 7066, -1, -1, -1),
(122, 7066, -1, -1, -1),
(57, 7067, -1, 0, 0),
(101, 7067, 0, 0, 0),
(25, 7068, -1, 0, 0),
(105, 7127, -1, -1, -1),
(105, 7126, -1, -1, -1),
(105, 7125, -1, -1, -1),
(265, 7128, -1, -1, -1),
(265, 7129, -1, -1, -1),
(265, 7130, -1, -1, -1),
(19, 7044, -1, -1, -1),
(19, 7045, -1, -1, -1),
(19, 7046, -1, -1, -1),
(19, 7047, -1, -1, -1),
(19, 7048, -1, -1, -1),
(19, 7049, -1, -1, -1),
(19, 7050, -1, -1, -1),
(19, 7051, -1, -1, -1),
(19, 7052, -1, -1, -1),
(19, 7053, 0, 0, 0),
(410, 7073, -1, -1, -1),
(80, 7077, -1, -1, -1),
(289, 7134, -1, -1, -1),
(117, 7134, -1, -1, -1),
(207, 7060, -1, -1, -1),
(56, 7090, -1, -1, -1),
(84, 7097, -1, -1, -1),
(275, 7069, 0, 0, 0),
(275, 7089, -1, -1, -1),
(334, 7043, -1, -1, -1),
(411, 7138, -1, -1, -1),
(411, 7137, -1, -1, -1),
(411, 7136, -1, -1, -1),
(376, 7139, -1, -1, -1),
(376, 7140, -1, -1, -1),
(376, 7141, -1, -1, -1),
(389, 7082, -1, -1, -1),
(268, 7142, -1, -1, -1),
(224, 7142, -1, -1, -1),
(224, 7143, 0, 0, 0),
(344, 7143, 0, 0, 0),
(268, 7144, -1, -1, -1),
(344, 7144, -1, -1, -1),
(268, 7145, -1, -1, -1),
(344, 7145, 0, 0, 0),
(224, 7146, -1, -1, -1),
(268, 7146, -1, -1, -1),
(175, 7147, -1, -1, -1),
(268, 7147, -1, -1, -1),
(344, 7147, -1, -1, -1),
(80, 7083, -1, -1, -1),
(410, 7075, -1, -1, -1),
(410, 7104, -1, 0, 0),
(176, 7074, -1, -1, -1),
(176, 7094, -1, -1, -1),
(233, 7098, -1, -1, -1),
(273, 7086, -1, -1, -1),
(273, 7099, -1, -1, -1),
(275, 7070, -1, -1, -1),
(275, 7078, -1, -1, -1),
(80, 7084, -1, -1, -1),
(80, 7088, 0, 0, 0),
(80, 7087, -1, -1, -1),
(361, 7150, -1, -1, -1),
(58, 7150, 0, 0, 0),
(41, 7150, -1, -1, -1),
(265, 7150, -1, -1, -1),
(114, 7150, -1, -1, -1),
(390, 7168, -1, -1, -1),
(390, 7169, -1, -1, -1),
(390, 7170, -1, -1, -1),
(368, 7178, -1, -1, -1),
(194, 7178, -1, -1, -1),
(368, 7179, -1, -1, -1),
(368, 7180, -1, -1, -1),
(194, 7179, -1, 0, 0),
(194, 7180, -1, -1, -1),
(238, 7170, -1, -1, -1),
(238, 7169, -1, -1, -1),
(315, 7103, -1, -1, -1),
(275, 7166, -1, -1, 0),
(275, 7167, -1, -1, -1),
(275, 7175, -1, -1, -1),
(311, 7071, -1, -1, -1),
(95, 7091, -1, -1, -1),
(174, 7154, -1, -1, -1),
(174, 7155, -1, -1, -1),
(174, 7172, -1, -1, -1),
(174, 7173, -1, -1, -1),
(174, 7174, 0, 0, 0),
(174, 7156, -1, -1, -1),
(174, 7178, -1, -1, -1),
(174, 7179, -1, -1, -1),
(174, 7180, -1, -1, -1),
(176, 7095, -1, -1, -1),
(207, 7166, 0, 0, 0),
(207, 7151, 0, 0, 0),
(234, 7166, -1, -1, -1),
(234, 7151, -1, -1, -1),
(234, 7156, -1, -1, -1),
(207, 7153, -1, -1, -1),
(401, 7166, -1, -1, -1),
(401, 7151, -1, -1, -1),
(401, 7156, -1, -1, -1),
(54, 7151, 0, 0, 0),
(100, 7107, -1, -1, -1),
(100, 7100, -1, -1, -1),
(100, 7119, -1, -1, -1),
(100, 7124, -1, -1, -1),
(263, 7160, -1, -1, -1),
(269, 7151, -1, -1, -1),
(263, 7171, -1, -1, -1),
(269, 7153, -1, -1, -1),
(173, 7171, -1, -1, -1),
(269, 7152, -1, -1, -1),
(269, 7164, -1, -1, -1),
(200, 7166, -1, -1, -1),
(200, 7107, -1, -1, -1),
(420, 7154, -1, -1, -1),
(420, 7155, 0, 0, 0),
(420, 7156, 0, 0, 0),
(420, 7163, -1, -1, -1),
(135, 7154, -1, -1, -1),
(54, 7154, -1, -1, -1),
(402, 7154, -1, -1, -1),
(202, 7154, -1, -1, -1),
(202, 7155, -1, -1, -1),
(202, 7156, -1, -1, -1),
(202, 7163, -1, -1, -1),
(161, 7211, -1, -1, -1),
(338, 7175, -1, -1, -1),
(338, 7151, -1, -1, -1),
(338, 7152, -1, -1, -1),
(338, 7153, -1, -1, -1),
(338, 7164, -1, -1, -1),
(313, 7153, -1, -1, -1),
(91, 7080, -1, -1, -1),
(91, 7076, -1, -1, -1),
(200, 7112, -1, -1, -1),
(200, 7080, -1, -1, -1),
(11, 7162, -1, -1, -1),
(11, 7175, 0, 0, 0),
(341, 7215, -1, -1, -1),
(24, 7215, -1, -1, -1),
(105, 7172, -1, -1, -1),
(11, 7171, -1, -1, -1),
(105, 7174, 0, 0, 0),
(107, 7172, -1, -1, -1),
(105, 7173, -1, -1, -1),
(107, 7173, -1, -1, -1),
(107, 7174, -1, 0, 0),
(173, 7175, -1, -1, -1),
(249, 7216, -1, -1, -1),
(368, 7216, -1, -1, -1),
(275, 7218, -1, -1, -1),
(268, 7170, -1, -1, -1),
(344, 7170, -1, -1, -1),
(344, 7171, -1, 0, 0),
(268, 7171, -1, -1, -1),
(342, 7151, -1, -1, -1),
(381, 7151, -1, -1, -1),
(342, 7161, -1, -1, -1),
(381, 7161, -1, -1, -1),
(417, 7219, 0, 0, 0),
(417, 7220, -1, -1, -1),
(417, 7222, -1, -1, -1),
(417, 7223, -1, -1, -1),
(417, 7224, -1, -1, -1),
(417, 7225, 0, 0, 0),
(417, 7226, -1, -1, -1),
(417, 7227, -1, -1, -1),
(328, 7151, -1, -1, -1),
(328, 7161, -1, -1, -1),
(292, 7116, -1, -1, -1),
(102, 7096, -1, -1, -1),
(292, 7072, -1, -1, 0),
(292, 7108, -1, -1, -1),
(262, 7167, -1, -1, -1),
(206, 7174, -1, -1, -1),
(206, 7173, -1, -1, -1),
(206, 7172, -1, -1, -1),
(206, 7179, -1, -1, -1),
(206, 7180, -1, -1, -1),
(206, 7178, -1, -1, -1),
(206, 7154, -1, 0, 0),
(206, 7156, -1, -1, -1),
(314, 7233, -1, -1, -1),
(146, 7228, -1, -1, -1),
(146, 7229, -1, -1, -1),
(314, 7234, -1, -1, -1),
(146, 7221, -1, -1, 0),
(230, 7221, -1, -1, -1),
(146, 7230, -1, -1, -1),
(146, 7231, -1, 0, 0),
(200, 7152, -1, -1, -1),
(57, 7154, 0, 0, 0),
(57, 7152, -1, -1, -1),
(57, 7173, -1, -1, -1),
(57, 7175, -1, -1, -1),
(140, 7157, -1, -1, -1),
(44, 7157, -1, -1, -1),
(182, 7157, 0, 0, 0),
(44, 7152, -1, -1, -1),
(182, 7152, -1, -1, -1),
(110, 7152, 0, 0, 0),
(110, 7157, -1, -1, -1),
(182, 7153, -1, -1, -1),
(44, 7153, 0, 0, 0),
(110, 7153, -1, -1, -1),
(182, 7167, -1, -1, -1),
(44, 7167, -1, -1, -1),
(182, 7176, -1, -1, -1),
(44, 7176, -1, -1, 0),
(140, 7152, -1, -1, -1),
(140, 7153, -1, -1, -1),
(140, 7158, -1, -1, -1),
(140, 7176, -1, -1, -1),
(174, 7181, -1, -1, -1),
(53, 7218, -1, -1, -1),
(53, 7221, -1, -1, -1),
(137, 7155, -1, -1, -1),
(397, 7155, -1, -1, -1),
(137, 7112, -1, -1, -1),
(321, 7120, -1, -1, -1),
(282, 7283, -1, -1, -1),
(36, 7283, -1, -1, -1),
(204, 7283, 0, 0, 0),
(267, 7166, -1, -1, -1),
(267, 7157, -1, -1, -1),
(267, 7161, -1, -1, -1),
(267, 7171, -1, -1, -1),
(267, 7163, -1, -1, -1),
(267, 7156, -1, -1, -1),
(267, 7169, -1, -1, -1),
(209, 7154, -1, -1, -1),
(209, 7155, -1, -1, -1),
(209, 7156, -1, -1, -1),
(209, 7157, -1, -1, -1),
(209, 7161, -1, -1, -1),
(209, 7176, -1, -1, -1),
(209, 7177, -1, -1, -1),
(269, 7282, -1, -1, -1),
(338, 7281, -1, -1, -1),
(269, 7281, -1, -1, -1),
(338, 7282, -1, -1, -1),
(312, 7230, 0, 0, 0),
(312, 7231, -1, -1, -1),
(374, 7173, -1, -1, -1),
(374, 7154, -1, -1, -1),
(374, 7092, -1, -1, -1),
(2, 7169, -1, -1, -1),
(2, 7167, -1, 0, 0),
(2, 7168, -1, -1, 0),
(190, 7169, -1, -1, -1),
(190, 7167, -1, -1, -1),
(190, 7168, -1, -1, -1),
(374, 7248, -1, -1, -1),
(57, 7248, -1, -1, -1),
(374, 7276, -1, -1, -1),
(57, 7276, -1, -1, -1),
(315, 7255, 0, 0, 0),
(102, 7255, -1, -1, -1),
(334, 7221, -1, -1, -1),
(334, 7224, -1, -1, -1),
(334, 7155, 0, 0, 0),
(207, 7256, -1, 0, 0),
(105, 7256, -1, -1, -1),
(135, 7241, 0, 0, 0),
(236, 7241, -1, -1, -1),
(410, 7262, -1, -1, -1),
(410, 7263, 0, 0, 0),
(136, 7220, -1, -1, 0),
(406, 7158, -1, -1, -1),
(406, 7159, -1, -1, -1),
(314, 7269, -1, -1, -1),
(341, 7269, -1, -1, -1),
(314, 7228, -1, -1, 0),
(314, 7229, -1, -1, -1),
(66, 7246, -1, -1, -1),
(66, 7267, -1, -1, -1),
(66, 7247, -1, -1, -1),
(66, 7268, -1, -1, -1),
(66, 7266, -1, -1, -1),
(314, 7266, -1, -1, -1),
(314, 7270, -1, -1, -1),
(341, 7270, -1, -1, -1),
(314, 7252, -1, -1, -1),
(341, 7252, -1, -1, -1),
(263, 7155, -1, -1, -1),
(263, 7157, -1, -1, -1),
(263, 7158, -1, -1, -1),
(263, 7159, -1, -1, -1),
(50, 7253, -1, -1, -1),
(50, 7254, -1, -1, -1),
(177, 7254, -1, -1, -1),
(242, 7253, -1, -1, -1),
(335, 7242, -1, -1, -1),
(242, 7247, -1, -1, 0),
(106, 7242, -1, -1, -1),
(335, 7262, -1, -1, -1),
(335, 7261, -1, -1, -1),
(74, 7260, -1, -1, -1),
(74, 7274, -1, -1, -1),
(240, 7260, -1, -1, -1),
(240, 7274, -1, -1, -1),
(177, 7268, -1, -1, -1),
(417, 7232, -1, -1, 0),
(206, 7259, -1, -1, -1),
(206, 7280, -1, -1, -1),
(120, 7259, 0, 0, 0),
(120, 7280, -1, -1, -1),
(203, 7263, -1, -1, -1),
(289, 7285, -1, -1, -1),
(271, 7285, -1, -1, -1),
(4, 7285, -1, -1, -1),
(351, 7285, 0, 0, 0),
(297, 7285, -1, -1, -1),
(101, 7285, -1, -1, 0),
(145, 7285, -1, 0, 0),
(33, 7285, -1, -1, -1),
(400, 7285, -1, -1, -1),
(167, 7285, -1, 0, 0),
(57, 7285, -1, -1, -1),
(220, 7285, -1, -1, -1),
(374, 7285, -1, -1, -1),
(189, 7285, -1, -1, -1),
(84, 7277, -1, -1, -1),
(84, 7264, -1, -1, -1),
(66, 7286, -1, -1, -1),
(50, 7267, -1, -1, -1),
(410, 7299, -1, -1, -1),
(278, 7299, -1, -1, -1),
(177, 7299, -1, -1, -1),
(203, 7299, -1, -1, -1),
(160, 7177, -1, -1, -1),
(160, 7181, -1, -1, -1),
(160, 7168, 0, 0, 0),
(198, 7172, 0, 0, 0),
(275, 7256, -1, -1, 0),
(382, 7155, -1, -1, -1),
(197, 7155, -1, -1, 0),
(128, 7168, -1, -1, -1),
(128, 7172, -1, -1, -1),
(128, 7177, -1, -1, -1),
(128, 7161, -1, -1, -1),
(113, 7222, -1, -1, -1),
(410, 7364, -1, -1, -1),
(410, 7365, -1, -1, -1),
(342, 7331, -1, -1, -1),
(342, 7349, -1, -1, -1),
(290, 7300, -1, -1, -1),
(410, 7362, -1, -1, 0),
(410, 7363, -1, -1, -1),
(230, 7246, -1, -1, -1),
(137, 7249, -1, -1, -1),
(397, 7249, -1, -1, -1),
(137, 7243, -1, -1, -1),
(397, 7243, -1, -1, -1),
(397, 7244, -1, -1, -1),
(137, 7244, -1, -1, -1),
(397, 7245, -1, -1, -1),
(137, 7245, -1, -1, -1),
(137, 7186, -1, -1, -1),
(137, 7182, -1, -1, -1),
(397, 7182, -1, -1, -1),
(397, 7199, -1, -1, -1),
(397, 7186, -1, -1, -1),
(137, 7168, -1, -1, -1),
(397, 7168, -1, -1, -1),
(397, 7157, 0, 0, 0),
(137, 7157, -1, -1, -1),
(137, 7273, -1, 0, 0),
(397, 7273, -1, -1, -1),
(137, 7275, -1, -1, -1),
(397, 7275, -1, -1, -1),
(397, 7320, -1, -1, -1),
(341, 7286, -1, -1, -1),
(422, 7286, -1, -1, -1),
(80, 7326, -1, 0, 0),
(80, 7344, -1, -1, -1),
(80, 7345, -1, -1, -1),
(80, 7328, 0, 0, 0),
(80, 7346, -1, -1, -1),
(80, 7329, -1, -1, -1),
(80, 7347, -1, 0, 0),
(80, 7330, -1, 0, 0),
(332, 7288, -1, -1, -1),
(332, 7289, -1, -1, -1),
(389, 7332, -1, -1, -1),
(389, 7334, -1, -1, -1),
(426, 7287, -1, -1, -1),
(426, 7157, -1, -1, -1),
(426, 7223, -1, -1, -1),
(426, 7225, -1, -1, -1),
(426, 7161, -1, -1, -1),
(426, 7159, -1, -1, -1),
(426, 7177, -1, -1, -1),
(59, 7166, -1, -1, 0),
(59, 7158, -1, -1, -1),
(59, 7287, -1, 0, 0),
(169, 7401, -1, -1, -1),
(169, 7400, 0, 0, 0),
(169, 7402, -1, -1, -1),
(339, 7404, 0, 0, 0),
(339, 7403, 0, 0, 0),
(410, 7382, -1, -1, -1),
(410, 7383, -1, -1, -1),
(84, 7356, -1, -1, -1),
(209, 7183, -1, -1, -1),
(268, 7183, -1, -1, -1),
(315, 7169, -1, -1, -1),
(315, 7170, -1, -1, -1),
(287, 7368, -1, -1, -1),
(287, 7386, -1, 0, 0),
(287, 7172, -1, -1, -1),
(287, 7170, -1, -1, -1),
(287, 7171, -1, -1, -1),
(48, 7301, 0, 0, 0),
(368, 7407, 0, 0, 0),
(249, 7407, -1, -1, -1),
(368, 7406, -1, -1, -1),
(249, 7406, -1, -1, -1),
(368, 7405, -1, -1, -1),
(249, 7405, -1, -1, -1),
(43, 7287, -1, -1, 0),
(43, 7163, -1, -1, -1),
(43, 7164, 0, 0, 0),
(43, 7165, -1, -1, -1),
(420, 7409, -1, -1, -1),
(420, 7410, -1, -1, -1),
(420, 7411, -1, -1, -1),
(420, 7412, -1, -1, -1),
(420, 7413, -1, -1, -1),
(348, 7415, -1, -1, -1),
(329, 7415, -1, -1, -1),
(167, 7415, -1, -1, -1),
(246, 7415, -1, -1, -1),
(348, 7414, 0, 0, 0),
(329, 7414, -1, -1, -1),
(167, 7414, -1, -1, -1),
(246, 7414, -1, 0, 0),
(149, 7288, -1, -1, -1),
(405, 7288, -1, -1, -1),
(48, 7191, -1, -1, -1),
(48, 7192, -1, -1, -1),
(48, 7193, -1, -1, -1),
(48, 7194, -1, 0, 0),
(85, 7417, -1, -1, -1),
(37, 7417, 0, 0, 0),
(328, 7417, -1, -1, -1),
(85, 7421, -1, 0, 0),
(37, 7421, -1, -1, -1),
(85, 7420, -1, -1, -1),
(37, 7420, -1, -1, -1),
(85, 7419, -1, -1, -1),
(37, 7419, 0, 0, 0),
(85, 7418, -1, -1, -1),
(37, 7418, -1, -1, -1),
(169, 7422, -1, -1, -1),
(363, 7191, -1, -1, -1),
(363, 7192, -1, -1, -1),
(147, 7289, -1, -1, -1),
(428, 7289, -1, -1, -1),
(428, 7290, -1, -1, -1),
(147, 7290, -1, -1, -1),
(292, 7425, -1, -1, -1),
(87, 7291, -1, -1, -1),
(237, 7291, 0, 0, 0),
(363, 7291, -1, -1, -1),
(197, 7295, -1, -1, -1),
(197, 7296, -1, -1, -1),
(382, 7295, -1, -1, -1),
(382, 7296, 0, 0, 0),
(306, 7295, -1, -1, -1),
(306, 7296, -1, -1, -1),
(129, 7427, -1, -1, -1),
(129, 7426, -1, -1, -1),
(24, 7426, -1, -1, -1),
(91, 7426, -1, -1, -1),
(93, 7426, -1, -1, -1),
(428, 7292, -1, -1, -1),
(199, 7165, -1, -1, -1),
(199, 7171, -1, -1, -1),
(199, 7157, -1, -1, -1),
(199, 7161, -1, -1, -1),
(181, 7426, -1, -1, -1),
(121, 7426, 0, 0, 0),
(84, 7163, -1, -1, -1),
(378, 7163, -1, -1, -1),
(378, 7164, -1, -1, -1),
(84, 7164, -1, -1, -1),
(341, 7426, -1, -1, -1),
(390, 7426, -1, -1, -1),
(198, 7426, -1, -1, -1),
(105, 7429, -1, -1, -1),
(107, 7429, -1, 0, 0),
(296, 7426, -1, -1, -1),
(1, 7157, -1, -1, -1),
(345, 7157, -1, -1, -1),
(1, 7161, -1, -1, -1),
(345, 7161, -1, -1, -1),
(1, 7159, -1, -1, -1),
(345, 7159, -1, 0, 0),
(345, 7187, -1, -1, -1),
(1, 7187, -1, -1, -1),
(1, 7188, -1, 0, 0),
(345, 7188, -1, -1, -1),
(334, 7223, -1, -1, -1),
(334, 7225, -1, -1, -1),
(334, 7226, -1, -1, -1),
(334, 7358, -1, -1, 0),
(25, 7429, -1, -1, -1),
(176, 7322, -1, -1, -1),
(176, 7352, -1, -1, -1),
(198, 7427, -1, -1, -1),
(343, 7427, 0, 0, 0),
(25, 7428, 0, 0, 0),
(343, 7428, -1, -1, -1),
(334, 7427, -1, -1, -1),
(343, 7174, -1, -1, -1),
(327, 7174, 0, 0, 0),
(192, 7158, -1, -1, -1),
(343, 7158, 0, 0, 0),
(343, 7163, -1, -1, -1),
(327, 7163, -1, -1, -1),
(343, 7203, -1, -1, -1),
(359, 7203, -1, -1, -1),
(224, 7433, -1, -1, -1),
(268, 7433, -1, -1, -1),
(344, 7434, -1, -1, -1),
(268, 7434, -1, -1, -1),
(268, 7435, -1, -1, -1),
(344, 7435, -1, -1, -1),
(423, 7429, -1, -1, -1),
(83, 7287, -1, -1, -1),
(259, 7289, -1, -1, -1),
(396, 7161, 0, 0, 0),
(82, 7173, -1, -1, -1),
(82, 7293, -1, -1, -1),
(217, 7428, -1, -1, -1),
(426, 7184, -1, -1, -1),
(160, 7184, -1, -1, -1),
(144, 7360, -1, -1, -1),
(144, 7359, -1, -1, -1),
(230, 7427, -1, -1, -1),
(146, 7233, -1, -1, -1),
(230, 7233, -1, -1, 0),
(230, 7237, -1, -1, -1),
(146, 7237, -1, -1, -1),
(146, 7234, -1, -1, -1),
(97, 7234, -1, 0, 0),
(353, 7292, -1, -1, -1),
(308, 7292, -1, -1, -1),
(353, 7441, -1, -1, 0),
(308, 7441, 0, 0, 0),
(24, 7442, -1, -1, -1),
(198, 7445, -1, -1, -1),
(424, 7440, -1, -1, 0),
(84, 7440, -1, -1, -1),
(315, 7451, -1, -1, -1),
(315, 7442, -1, -1, -1),
(233, 7450, -1, -1, -1),
(106, 7450, -1, -1, -1),
(106, 7451, -1, -1, -1),
(325, 7452, -1, -1, -1),
(200, 7452, -1, -1, -1),
(233, 7377, -1, -1, -1),
(275, 7304, -1, -1, -1),
(275, 7371, -1, -1, 0),
(275, 7341, -1, -1, -1),
(334, 7228, -1, -1, -1),
(86, 7293, -1, -1, -1),
(336, 7293, -1, -1, -1),
(336, 7290, -1, -1, -1),
(332, 7290, -1, -1, -1),
(428, 7295, -1, -1, -1),
(426, 7232, -1, -1, -1),
(357, 7448, -1, -1, -1),
(399, 7157, 0, 0, 0),
(399, 7158, -1, -1, 0),
(399, 7193, -1, -1, -1),
(165, 7461, -1, -1, -1),
(257, 7461, -1, -1, -1),
(192, 7461, -1, -1, -1),
(181, 7461, -1, -1, 0),
(196, 7461, -1, -1, -1),
(151, 7461, 0, 0, 0),
(242, 7461, -1, -1, -1),
(192, 7462, -1, -1, -1),
(121, 7462, -1, -1, -1),
(71, 7462, 0, 0, 0),
(192, 7463, -1, -1, -1),
(71, 7463, -1, -1, -1),
(121, 7463, -1, -1, -1),
(91, 7460, -1, -1, -1),
(21, 7457, -1, -1, -1),
(170, 7457, -1, -1, -1),
(207, 7443, -1, -1, -1),
(234, 7443, -1, -1, -1),
(176, 7323, -1, -1, 0),
(318, 7235, -1, -1, -1),
(318, 7236, -1, -1, -1),
(318, 7238, -1, -1, -1),
(233, 7372, -1, -1, 0),
(233, 7157, -1, -1, -1),
(233, 7161, -1, -1, -1),
(45, 7158, -1, -1, -1),
(45, 7159, -1, -1, -1),
(201, 7158, -1, -1, 0),
(201, 7159, -1, -1, -1),
(372, 7158, -1, -1, -1),
(372, 7159, -1, -1, -1),
(180, 7163, -1, -1, -1),
(180, 7159, -1, -1, -1),
(180, 7158, -1, 0, 0),
(200, 7460, -1, -1, -1),
(325, 7460, -1, 0, 0),
(206, 7157, -1, -1, -1),
(178, 7460, -1, -1, -1),
(61, 7460, -1, -1, -1),
(266, 7460, -1, -1, -1),
(156, 7447, -1, -1, -1),
(242, 7447, -1, -1, -1),
(227, 7449, -1, -1, -1),
(373, 7449, -1, -1, -1),
(247, 7464, -1, -1, -1),
(94, 7464, -1, -1, -1),
(152, 7464, -1, -1, -1),
(247, 7465, -1, -1, -1),
(152, 7465, -1, -1, -1),
(7, 7465, -1, -1, -1),
(152, 7466, -1, -1, -1),
(247, 7466, -1, -1, -1),
(7, 7466, 0, 0, 0),
(152, 7467, -1, -1, -1),
(247, 7467, -1, -1, -1),
(7, 7467, -1, -1, -1),
(152, 7468, -1, -1, -1),
(247, 7468, -1, -1, -1),
(7, 7468, 0, 0, 0),
(152, 7469, 0, 0, 0),
(247, 7469, -1, 0, 0),
(7, 7469, -1, -1, -1),
(152, 7470, -1, -1, -1),
(247, 7470, -1, -1, -1),
(7, 7470, -1, -1, -1),
(152, 7471, -1, -1, -1),
(247, 7471, -1, -1, -1),
(7, 7471, -1, -1, -1),
(152, 7472, -1, 0, 0),
(247, 7472, -1, -1, -1),
(7, 7472, -1, -1, -1),
(152, 7473, -1, -1, 0),
(247, 7473, -1, -1, -1),
(94, 7473, -1, -1, -1),
(409, 7478, -1, -1, -1),
(409, 7477, -1, -1, -1),
(409, 7476, -1, 0, 0),
(409, 7475, 0, 0, 0),
(409, 7474, -1, -1, -1),
(53, 7228, -1, -1, 0),
(315, 7460, 0, 0, 0),
(102, 7460, -1, -1, -1),
(330, 7458, -1, -1, -1),
(373, 7458, -1, -1, -1),
(10, 7324, -1, -1, -1),
(29, 7154, -1, -1, -1),
(29, 7448, -1, -1, -1),
(29, 7459, -1, -1, -1),
(29, 7305, -1, -1, -1),
(29, 7336, -1, -1, -1),
(29, 7348, -1, 0, 0),
(29, 7493, -1, -1, -1),
(29, 7483, -1, -1, -1),
(29, 7152, -1, -1, -1),
(29, 7501, -1, -1, -1),
(29, 7502, -1, 0, 0),
(29, 7503, -1, -1, -1),
(385, 7496, -1, -1, -1),
(385, 7497, -1, -1, -1),
(385, 7498, -1, -1, -1),
(385, 7499, 0, 0, 0),
(385, 7501, -1, -1, -1),
(385, 7502, -1, -1, -1),
(385, 7503, -1, -1, -1),
(191, 7496, -1, -1, -1),
(191, 7497, -1, 0, 0),
(191, 7498, -1, -1, -1),
(191, 7499, -1, -1, -1),
(191, 7501, 0, 0, 0),
(191, 7502, -1, -1, -1),
(191, 7503, -1, -1, -1),
(385, 7504, -1, -1, -1),
(191, 7504, 0, 0, 0),
(390, 7541, -1, -1, -1),
(390, 7542, -1, -1, -1),
(390, 7543, -1, -1, 0),
(390, 7544, -1, -1, 0),
(411, 7546, -1, -1, 0),
(411, 7548, 0, 0, 0),
(411, 7547, -1, -1, -1),
(226, 7549, -1, 0, 0),
(226, 7550, -1, -1, -1),
(214, 7549, -1, -1, -1),
(226, 7551, -1, -1, -1),
(226, 7552, -1, -1, -1),
(214, 7550, -1, -1, -1),
(214, 7551, 0, 0, 0),
(214, 7552, -1, -1, 0),
(215, 7460, -1, -1, -1),
(62, 7460, -1, -1, -1),
(264, 7429, -1, -1, -1),
(291, 7429, -1, -1, -1),
(24, 7521, -1, -1, -1),
(24, 7522, -1, -1, -1),
(24, 7523, -1, -1, -1),
(24, 7524, -1, -1, -1),
(88, 7289, -1, -1, -1),
(233, 7384, -1, -1, -1),
(233, 7496, -1, -1, -1),
(233, 7498, -1, -1, -1),
(233, 7501, -1, -1, -1),
(334, 7496, 0, 0, 0),
(334, 7497, -1, -1, -1),
(49, 7497, -1, -1, -1),
(49, 7498, -1, -1, -1),
(49, 7502, -1, -1, -1),
(49, 7503, -1, -1, -1),
(49, 7504, -1, -1, -1),
(49, 7505, -1, 0, 0),
(49, 7506, -1, -1, -1),
(118, 7491, -1, -1, -1),
(396, 7506, -1, -1, -1),
(396, 7507, -1, -1, -1),
(396, 7508, -1, -1, -1),
(396, 7509, -1, -1, -1),
(143, 7506, -1, -1, -1),
(143, 7507, -1, -1, -1),
(143, 7508, -1, -1, -1),
(143, 7509, -1, -1, -1),
(221, 7569, -1, -1, -1),
(126, 7569, -1, -1, -1),
(258, 7569, 0, 0, 0),
(258, 7570, -1, -1, -1),
(126, 7570, -1, -1, -1),
(267, 7155, -1, -1, -1),
(10, 7524, -1, -1, 0),
(10, 7521, -1, -1, -1),
(10, 7522, -1, 0, 0),
(10, 7523, -1, -1, -1),
(299, 7499, -1, -1, -1),
(90, 7531, -1, -1, 0),
(90, 7532, 0, 0, 0),
(118, 7532, 0, 0, 0),
(118, 7531, -1, -1, -1),
(105, 7597, -1, -1, -1),
(105, 7596, -1, 0, 0),
(113, 7598, -1, -1, -1),
(113, 7599, 0, 0, 0),
(113, 7600, -1, -1, -1),
(113, 7601, -1, -1, -1),
(113, 7602, 0, 0, 0),
(339, 7603, -1, -1, -1),
(165, 7605, -1, -1, -1),
(313, 7605, -1, 0, 0),
(257, 7605, -1, -1, -1),
(71, 7605, -1, -1, -1),
(165, 7604, -1, -1, -1),
(313, 7604, -1, -1, -1),
(257, 7604, -1, -1, -1),
(71, 7604, -1, -1, -1),
(165, 7606, -1, -1, -1),
(313, 7606, -1, -1, -1),
(257, 7606, -1, -1, -1),
(71, 7606, -1, -1, -1),
(99, 7586, -1, -1, -1),
(99, 7587, -1, -1, -1),
(99, 7588, -1, -1, -1),
(99, 7591, -1, -1, -1),
(99, 7592, -1, -1, -1),
(99, 7593, -1, -1, -1),
(368, 7586, -1, -1, -1),
(194, 7586, -1, -1, -1),
(368, 7587, -1, -1, -1),
(194, 7588, -1, -1, 0),
(368, 7588, -1, -1, -1),
(368, 7591, -1, -1, -1),
(194, 7587, -1, -1, -1),
(194, 7591, -1, -1, -1),
(134, 7591, -1, -1, -1),
(194, 7592, -1, -1, -1),
(194, 7593, -1, -1, -1),
(406, 7160, -1, -1, -1),
(406, 7185, -1, -1, -1),
(198, 7607, -1, -1, -1),
(364, 7676, -1, -1, -1),
(77, 7677, -1, -1, -1),
(77, 7678, -1, -1, -1),
(77, 7680, -1, 0, 0),
(77, 7681, -1, -1, -1),
(77, 7682, -1, -1, -1),
(77, 7683, -1, -1, 0),
(368, 7592, -1, -1, -1),
(306, 7607, -1, -1, -1),
(419, 7586, -1, -1, -1),
(419, 7588, -1, -1, -1),
(419, 7587, -1, -1, -1),
(419, 7589, 0, 0, 0),
(419, 7591, -1, -1, -1),
(419, 7592, -1, -1, -1),
(419, 7593, -1, -1, -1),
(419, 7594, -1, -1, -1),
(29, 7172, -1, -1, -1),
(29, 7612, -1, -1, -1),
(206, 7607, -1, -1, -1),
(120, 7607, -1, -1, -1),
(231, 7627, -1, -1, -1),
(144, 7644, -1, -1, -1),
(144, 7645, -1, -1, -1),
(144, 7646, -1, -1, -1),
(54, 7610, -1, -1, -1),
(135, 7610, -1, -1, -1),
(402, 7610, -1, -1, -1),
(36, 7684, -1, -1, -1),
(282, 7684, -1, -1, -1),
(36, 7686, -1, -1, -1),
(36, 7688, -1, -1, -1),
(282, 7685, -1, -1, 0),
(282, 7686, -1, -1, -1),
(36, 7691, -1, -1, -1),
(282, 7687, -1, -1, -1),
(36, 7689, -1, -1, -1),
(282, 7690, -1, -1, -1),
(282, 7688, -1, -1, -1),
(282, 7689, -1, -1, -1),
(36, 7685, -1, -1, -1),
(282, 7691, -1, -1, -1),
(36, 7687, -1, -1, -1),
(36, 7690, 0, 0, 0),
(202, 7586, -1, -1, -1),
(202, 7587, -1, -1, -1),
(202, 7588, -1, 0, 0),
(202, 7589, -1, -1, -1),
(202, 7656, 0, 0, 0),
(202, 7669, -1, -1, -1),
(293, 7649, -1, -1, -1),
(417, 7228, -1, -1, -1),
(202, 7591, -1, -1, -1),
(202, 7592, -1, -1, -1),
(421, 7607, -1, -1, -1),
(269, 7158, -1, -1, 0),
(105, 7607, -1, -1, -1),
(301, 7692, -1, 0, 0),
(300, 7692, -1, -1, -1),
(9, 7692, -1, -1, -1),
(308, 7692, -1, -1, -1),
(299, 7607, -1, -1, -1),
(299, 7506, -1, -1, -1),
(299, 7507, 0, 0, 0),
(299, 7508, -1, -1, -1),
(299, 7509, -1, -1, -1),
(299, 7511, -1, 0, 0),
(299, 7512, -1, -1, -1),
(299, 7513, -1, -1, -1),
(299, 7514, -1, -1, -1),
(157, 7610, -1, -1, -1),
(394, 7509, 0, 0, 0),
(394, 7507, -1, -1, -1),
(102, 7607, -1, 0, 0),
(21, 7504, -1, -1, -1),
(315, 7607, -1, -1, -1),
(107, 7609, -1, -1, -1),
(278, 7694, -1, -1, -1),
(278, 7695, -1, -1, -1),
(278, 7696, -1, -1, -1),
(278, 7697, -1, -1, -1),
(278, 7698, -1, -1, -1),
(328, 7700, -1, -1, -1),
(328, 7699, 0, 0, 0),
(357, 7611, -1, 0, 0),
(2, 7610, -1, -1, -1),
(190, 7610, -1, -1, -1),
(411, 7701, -1, -1, -1),
(205, 7702, -1, -1, -1),
(205, 7703, -1, -1, -1),
(256, 7703, -1, -1, -1),
(256, 7702, -1, -1, -1),
(218, 7173, -1, -1, -1),
(218, 7586, -1, -1, -1),
(218, 7587, -1, -1, -1),
(218, 7588, -1, -1, -1),
(218, 7592, -1, -1, -1),
(218, 7593, -1, -1, -1),
(218, 7594, -1, -1, -1),
(218, 7595, -1, -1, -1),
(50, 7611, -1, -1, -1),
(156, 7611, -1, -1, -1),
(242, 7611, -1, -1, -1),
(72, 7505, 0, 0, 0),
(105, 7499, -1, -1, -1),
(105, 7505, -1, -1, 0),
(48, 7618, -1, -1, -1),
(294, 7611, -1, -1, -1),
(294, 7500, -1, -1, -1),
(121, 7500, -1, -1, -1),
(50, 7500, -1, -1, -1),
(242, 7500, -1, -1, -1),
(250, 7174, -1, -1, -1),
(305, 7608, -1, -1, -1),
(327, 7608, -1, -1, -1),
(39, 7706, -1, -1, -1),
(390, 7707, -1, -1, -1),
(343, 7707, -1, -1, -1),
(11, 7706, -1, -1, -1),
(200, 7706, -1, -1, -1),
(315, 7706, -1, -1, -1),
(144, 7655, -1, -1, -1),
(11, 7707, 0, 0, 0),
(407, 7608, -1, -1, -1),
(184, 7713, -1, -1, -1),
(184, 7714, -1, -1, 0),
(127, 7713, -1, -1, -1),
(184, 7715, -1, -1, -1),
(184, 7716, 0, 0, 0),
(184, 7717, -1, -1, -1),
(127, 7716, -1, -1, -1),
(127, 7718, -1, -1, -1),
(127, 7714, -1, -1, -1),
(127, 7715, 0, 0, 0),
(135, 7707, -1, -1, -1),
(127, 7717, -1, -1, -1),
(184, 7718, -1, -1, -1),
(54, 7707, -1, -1, -1),
(373, 7720, 0, 0, 0),
(227, 7720, -1, -1, -1),
(373, 7719, -1, -1, -1),
(227, 7719, -1, -1, -1),
(230, 7483, -1, -1, -1),
(146, 7483, -1, -1, -1),
(312, 7485, -1, -1, -1),
(146, 7485, -1, -1, -1),
(296, 7608, -1, -1, -1),
(252, 7651, -1, -1, -1),
(252, 7665, -1, -1, -1),
(77, 7721, -1, -1, -1),
(252, 7652, -1, -1, -1),
(77, 7722, -1, -1, -1),
(77, 7723, -1, -1, -1),
(77, 7724, -1, -1, -1),
(119, 7499, -1, -1, -1),
(119, 7521, -1, 0, 0),
(119, 7522, -1, 0, 0),
(119, 7523, -1, -1, -1),
(119, 7524, -1, -1, -1),
(203, 7521, -1, -1, -1),
(203, 7522, -1, -1, -1),
(203, 7523, -1, -1, -1),
(203, 7524, -1, -1, -1),
(404, 7729, -1, -1, -1),
(404, 7728, -1, -1, -1),
(404, 7727, -1, -1, -1),
(404, 7726, -1, -1, -1),
(404, 7725, -1, -1, -1),
(426, 7734, -1, -1, -1),
(404, 7734, -1, -1, 0),
(404, 7733, -1, -1, -1),
(404, 7732, -1, -1, -1),
(404, 7731, -1, -1, -1),
(404, 7730, -1, -1, -1),
(351, 7707, -1, -1, -1),
(346, 7737, -1, -1, -1),
(346, 7736, -1, -1, -1),
(346, 7735, 0, 0, 0),
(346, 7741, -1, -1, -1),
(346, 7740, 0, 0, 0),
(346, 7739, -1, -1, -1),
(346, 7738, -1, -1, -1),
(284, 7743, -1, -1, -1),
(284, 7744, -1, -1, -1),
(284, 7745, -1, -1, 0),
(284, 7746, -1, -1, -1),
(284, 7747, -1, -1, -1),
(63, 7748, -1, -1, -1),
(63, 7749, -1, -1, -1),
(63, 7750, 0, 0, 0),
(63, 7751, -1, -1, -1),
(63, 7752, -1, -1, -1),
(244, 7753, -1, -1, -1),
(244, 7755, -1, -1, -1),
(244, 7757, -1, -1, -1),
(244, 7754, -1, -1, -1),
(244, 7756, -1, -1, -1),
(272, 7756, -1, -1, -1),
(272, 7753, -1, -1, -1),
(272, 7754, -1, -1, -1),
(272, 7755, -1, -1, -1),
(272, 7757, 0, 0, 0),
(229, 7758, -1, -1, -1),
(363, 7707, -1, -1, -1),
(87, 7707, -1, -1, -1),
(239, 7706, -1, -1, -1),
(239, 7707, -1, -1, -1),
(367, 7706, -1, -1, -1),
(367, 7707, -1, -1, -1),
(379, 7610, -1, 0, 0),
(406, 7189, -1, -1, -1),
(406, 7196, -1, -1, 0),
(74, 7707, -1, -1, -1),
(406, 7197, -1, -1, -1),
(406, 7198, -1, -1, -1),
(406, 7194, -1, -1, -1),
(286, 7707, -1, -1, -1),
(19, 7610, -1, 0, 0),
(295, 7707, -1, -1, -1),
(67, 7706, 0, 0, 0),
(19, 7158, -1, -1, -1),
(19, 7159, -1, -1, -1),
(130, 7161, -1, -1, -1),
(159, 7158, -1, -1, -1),
(159, 7159, -1, -1, -1),
(67, 7516, -1, -1, -1),
(67, 7517, -1, -1, -1),
(67, 7518, -1, -1, -1),
(67, 7519, -1, -1, -1),
(67, 7610, -1, -1, -1),
(364, 7706, -1, -1, -1),
(364, 7707, -1, -1, 0),
(260, 7586, -1, -1, -1),
(260, 7587, -1, -1, -1),
(260, 7588, 0, 0, 0),
(260, 7589, -1, -1, -1),
(260, 7591, -1, -1, -1),
(260, 7592, -1, -1, -1),
(260, 7593, -1, -1, -1),
(260, 7594, -1, -1, -1),
(129, 7586, 0, 0, 0),
(129, 7587, -1, -1, -1),
(368, 7593, -1, -1, -1),
(124, 7158, -1, -1, -1),
(124, 7159, -1, -1, -1),
(274, 7609, -1, -1, -1),
(43, 7609, 0, 0, 0),
(267, 7611, -1, -1, 0),
(131, 7159, -1, 0, 0),
(131, 7158, -1, -1, -1),
(131, 7609, -1, -1, -1),
(92, 7706, -1, -1, -1),
(92, 7707, -1, -1, 0),
(24, 7647, -1, -1, -1),
(139, 7609, -1, -1, -1),
(206, 7163, -1, -1, -1),
(72, 7759, -1, -1, 0),
(72, 7760, -1, -1, -1),
(72, 7761, 0, 0, 0),
(288, 7764, -1, -1, -1),
(72, 7764, 0, 0, 0),
(72, 7762, -1, -1, -1),
(72, 7763, -1, -1, -1),
(288, 7765, -1, -1, -1),
(288, 7766, -1, -1, -1),
(288, 7767, -1, -1, -1),
(288, 7768, -1, -1, -1),
(288, 7769, -1, -1, -1),
(281, 7707, -1, -1, -1),
(195, 7707, -1, -1, -1),
(370, 7707, -1, -1, -1),
(416, 7707, -1, -1, -1),
(326, 7770, -1, -1, -1),
(326, 7771, -1, -1, -1),
(326, 7772, -1, -1, -1),
(326, 7773, -1, -1, -1),
(326, 7774, -1, -1, -1),
(148, 7759, -1, -1, -1),
(148, 7763, -1, -1, -1),
(148, 7762, -1, -1, -1),
(148, 7760, 0, 0, 0),
(148, 7761, -1, -1, -1),
(364, 7780, -1, -1, -1),
(148, 7764, -1, -1, -1),
(13, 7782, -1, 0, 0),
(13, 7787, -1, -1, -1),
(13, 7788, -1, -1, 0),
(13, 7789, -1, -1, -1),
(13, 7790, -1, -1, -1),
(13, 7784, -1, -1, -1),
(13, 7785, -1, -1, -1),
(13, 7783, -1, -1, -1),
(164, 7782, -1, -1, -1),
(164, 7784, -1, -1, 0),
(164, 7783, -1, -1, -1),
(164, 7785, -1, 0, 0),
(164, 7787, -1, -1, -1),
(164, 7788, -1, -1, -1),
(164, 7789, -1, -1, -1),
(13, 7786, -1, 0, 0),
(164, 7790, -1, -1, -1),
(164, 7786, -1, -1, -1),
(164, 7791, -1, -1, -1),
(13, 7791, -1, -1, -1),
(185, 7707, -1, -1, -1),
(403, 7619, -1, -1, -1),
(22, 7707, 0, 0, 0),
(177, 7499, -1, -1, -1),
(177, 7483, -1, -1, -1),
(415, 7800, -1, -1, -1),
(155, 7800, -1, -1, -1),
(170, 7800, -1, -1, -1),
(240, 7800, -1, -1, -1),
(240, 7799, -1, -1, -1),
(415, 7799, -1, -1, -1),
(155, 7799, -1, -1, -1),
(170, 7799, -1, -1, -1),
(240, 7798, -1, -1, -1),
(170, 7798, -1, -1, -1),
(415, 7798, -1, -1, -1),
(155, 7798, 0, 0, 0),
(240, 7797, -1, -1, -1),
(170, 7797, 0, 0, 0),
(415, 7797, 0, 0, 0),
(155, 7797, -1, -1, -1),
(415, 7803, -1, -1, -1),
(155, 7803, -1, -1, -1),
(415, 7802, -1, -1, -1),
(155, 7802, -1, -1, -1),
(415, 7801, -1, -1, -1),
(155, 7801, -1, -1, -1),
(204, 7759, -1, -1, -1),
(204, 7760, -1, -1, -1),
(204, 7761, -1, -1, 0),
(204, 7762, -1, -1, -1),
(204, 7763, 0, 0, 0),
(132, 7765, -1, -1, -1),
(132, 7766, -1, 0, 0),
(132, 7767, -1, -1, -1),
(132, 7768, -1, -1, -1),
(132, 7769, -1, -1, -1),
(187, 7797, -1, -1, -1),
(187, 7798, -1, -1, -1),
(187, 7799, -1, -1, -1),
(187, 7800, -1, -1, -1),
(141, 7708, -1, -1, -1),
(394, 7708, -1, 0, 0),
(24, 7609, -1, -1, -1),
(24, 7626, -1, -1, -1),
(403, 7708, -1, -1, -1),
(35, 7487, -1, -1, -1),
(35, 7484, -1, -1, -1),
(35, 7485, -1, -1, -1),
(350, 7708, -1, -1, -1),
(13, 7609, -1, 0, 0),
(234, 7611, -1, -1, -1),
(252, 7666, -1, -1, -1),
(391, 7509, -1, -1, -1),
(391, 7503, -1, -1, -1),
(391, 7502, -1, -1, -1),
(391, 7505, -1, -1, -1),
(252, 7653, -1, -1, -1),
(66, 7611, -1, -1, -1),
(318, 7505, -1, -1, -1),
(318, 7508, -1, -1, -1),
(318, 7510, -1, -1, -1),
(318, 7512, -1, -1, -1),
(318, 7511, -1, -1, -1),
(318, 7513, -1, -1, -1),
(318, 7514, -1, -1, -1),
(318, 7516, -1, -1, -1),
(318, 7517, -1, 0, 0),
(318, 7518, -1, 0, 0),
(318, 7519, 0, 0, 0),
(29, 7708, -1, -1, -1),
(401, 7594, -1, -1, -1),
(401, 7593, -1, -1, -1),
(401, 7595, -1, -1, -1),
(308, 7593, -1, -1, -1),
(308, 7594, -1, -1, 0),
(308, 7595, -1, -1, -1),
(330, 7610, -1, -1, -1),
(324, 7615, 0, 0, 0),
(324, 7620, -1, 0, 0),
(324, 7616, 0, 0, 0),
(295, 7610, -1, -1, -1),
(130, 7610, -1, -1, -1),
(17, 7610, -1, -1, -1),
(229, 7824, -1, -1, -1),
(43, 7824, -1, -1, -1),
(179, 7826, -1, -1, -1),
(307, 7826, -1, -1, -1),
(128, 7708, -1, -1, -1),
(330, 7708, -1, 0, 0),
(159, 7507, -1, -1, -1),
(159, 7508, -1, -1, -1),
(159, 7509, -1, -1, -1),
(159, 7510, -1, -1, -1),
(385, 7531, -1, -1, -1),
(269, 7595, -1, -1, -1),
(269, 7593, -1, -1, -1),
(335, 7610, -1, 0, 0),
(335, 7621, -1, -1, -1),
(407, 7586, -1, -1, -1),
(407, 7587, -1, -1, -1),
(287, 7610, -1, -1, -1),
(105, 7501, -1, -1, -1),
(125, 7610, -1, -1, -1),
(125, 7590, -1, -1, -1),
(225, 7846, -1, -1, 0),
(405, 7846, -1, -1, -1),
(235, 7846, -1, -1, -1),
(231, 7846, -1, -1, -1),
(334, 7526, -1, -1, -1),
(334, 7235, -1, -1, -1),
(324, 7631, -1, 0, 0),
(403, 7648, -1, -1, -1),
(403, 7658, 0, 0, 0),
(403, 7635, -1, -1, -1),
(217, 7611, -1, -1, -1),
(24, 7639, -1, -1, -1),
(379, 7828, -1, -1, -1),
(112, 7611, -1, -1, -1),
(424, 7663, -1, -1, -1),
(424, 7675, -1, -1, -1),
(180, 7830, -1, 0, 0),
(159, 7511, -1, -1, -1),
(159, 7512, -1, -1, -1),
(159, 7513, -1, -1, -1),
(159, 7514, 0, 0, 0),
(372, 7621, -1, -1, -1),
(372, 7643, -1, -1, -1),
(365, 7611, -1, -1, -1),
(189, 7611, 0, 0, 0),
(297, 7611, -1, -1, -1),
(24, 7667, -1, -1, -1),
(427, 7846, 0, 0, 0),
(121, 7611, -1, -1, 0),
(16, 7828, -1, -1, -1),
(312, 7848, -1, -1, -1),
(230, 7848, -1, -1, -1),
(230, 7834, 0, 0, 0),
(42, 7611, -1, -1, -1),
(181, 7828, -1, -1, -1),
(181, 7829, 0, 0, 0),
(156, 7828, -1, -1, -1),
(156, 7829, -1, -1, -1),
(121, 7828, -1, -1, -1),
(121, 7829, -1, -1, -1),
(124, 7611, -1, -1, -1),
(252, 7671, -1, -1, -1),
(70, 7611, -1, -1, -1),
(156, 7830, -1, -1, -1),
(156, 7833, -1, -1, -1),
(156, 7834, -1, -1, 0),
(181, 7830, 0, 0, 0),
(181, 7833, 0, 0, 0),
(181, 7834, -1, -1, -1),
(156, 7852, -1, -1, -1),
(156, 7851, -1, -1, -1),
(121, 7851, -1, 0, 0),
(121, 7852, -1, 0, 0),
(112, 7833, -1, 0, 0),
(112, 7834, -1, -1, -1),
(107, 7834, 0, 0, 0),
(107, 7833, 0, 0, 0),
(107, 7832, -1, -1, -1),
(107, 7831, -1, -1, -1),
(107, 7829, -1, -1, -1),
(121, 7830, -1, -1, -1),
(107, 7828, -1, 0, 0),
(121, 7833, 0, 0, 0),
(121, 7834, -1, -1, -1),
(18, 7830, -1, -1, -1),
(18, 7831, -1, -1, -1),
(18, 7832, -1, 0, 0),
(18, 7833, -1, 0, 0),
(18, 7834, -1, -1, -1),
(332, 7798, -1, -1, -1),
(332, 7611, -1, -1, -1),
(88, 7833, -1, -1, -1),
(88, 7834, -1, -1, -1),
(112, 7832, -1, -1, -1),
(8, 7931, -1, -1, -1),
(8, 7932, -1, -1, -1),
(8, 7933, -1, -1, -1),
(73, 7931, -1, -1, -1),
(11, 7933, -1, -1, -1),
(252, 7919, -1, -1, -1),
(358, 7799, -1, -1, -1),
(358, 7798, -1, -1, -1),
(124, 7931, -1, -1, -1),
(124, 7932, -1, -1, -1),
(124, 7933, 0, 0, 0),
(379, 7899, -1, -1, -1),
(379, 7911, -1, -1, -1),
(304, 7907, -1, -1, -1),
(350, 7867, -1, -1, -1),
(350, 7892, -1, -1, -1),
(350, 7916, -1, -1, -1),
(350, 7868, -1, -1, -1),
(398, 7238, -1, -1, -1),
(324, 7531, 0, 0, 0),
(324, 7532, -1, -1, -1),
(324, 7533, -1, -1, -1),
(324, 7534, -1, -1, -1),
(403, 7875, -1, 0, 0),
(403, 7883, -1, -1, -1),
(403, 7904, -1, -1, -1),
(403, 7876, -1, -1, -1),
(156, 7931, -1, -1, -1),
(156, 7932, -1, -1, -1),
(121, 7931, -1, -1, -1),
(121, 7932, -1, -1, -1),
(156, 7525, -1, -1, -1),
(156, 7527, 0, 0, 0),
(181, 7525, -1, -1, -1),
(181, 7526, -1, -1, -1),
(156, 7526, -1, 0, 0),
(104, 7536, -1, -1, -1),
(104, 7537, -1, -1, -1),
(104, 7538, -1, -1, -1),
(104, 7539, -1, -1, -1),
(200, 7521, -1, -1, -1),
(200, 7522, -1, -1, -1),
(200, 7523, 0, 0, 0),
(254, 7524, -1, -1, -1),
(254, 7525, 0, 0, 0),
(32, 7527, -1, -1, -1),
(32, 7528, -1, -1, -1),
(32, 7529, -1, -1, 0),
(32, 7530, -1, -1, -1),
(32, 7532, -1, -1, -1),
(32, 7533, -1, -1, -1),
(32, 7534, -1, 0, 0),
(32, 7535, -1, -1, -1),
(32, 7536, -1, 0, 0),
(32, 7537, -1, -1, -1),
(358, 7932, -1, -1, -1),
(358, 7933, 0, 0, 0),
(120, 7236, -1, -1, -1),
(358, 7236, -1, -1, -1),
(29, 7863, -1, -1, -1),
(29, 7879, -1, -1, -1),
(29, 7887, -1, -1, -1),
(29, 7864, -1, -1, -1),
(29, 7880, 0, 0, 0),
(29, 7893, -1, -1, -1),
(304, 7912, -1, -1, -1),
(89, 7933, -1, -1, 0),
(53, 7933, -1, -1, -1),
(262, 7941, -1, -1, -1),
(262, 7942, 0, 0, 0),
(374, 7943, -1, 0, 0),
(374, 7944, -1, -1, -1),
(374, 7945, -1, -1, -1),
(374, 7946, -1, -1, -1),
(374, 7947, -1, -1, -1),
(146, 7238, -1, -1, -1),
(372, 7860, -1, -1, -1),
(372, 7872, 0, 0, 0),
(349, 7948, -1, -1, 0),
(358, 7527, -1, -1, -1),
(120, 7527, -1, -1, -1),
(358, 7528, -1, -1, -1),
(120, 7533, -1, -1, -1),
(358, 7529, -1, -1, -1),
(120, 7528, -1, -1, -1),
(120, 7529, -1, -1, -1),
(120, 7530, -1, -1, -1),
(358, 7530, -1, -1, -1),
(366, 7897, -1, -1, -1),
(366, 7909, -1, -1, -1),
(366, 7884, 0, 0, 0),
(17, 7541, -1, -1, -1),
(17, 7542, -1, -1, -1),
(17, 7543, -1, -1, -1),
(17, 7544, 0, 0, 0),
(340, 7541, -1, -1, -1),
(340, 7542, -1, -1, -1),
(340, 7543, -1, -1, -1),
(340, 7544, -1, -1, -1),
(295, 7541, -1, -1, -1),
(295, 7542, -1, -1, -1),
(10, 7526, -1, -1, -1),
(10, 7527, -1, -1, -1),
(10, 7528, -1, -1, -1),
(10, 7529, -1, -1, -1),
(34, 7533, -1, -1, -1),
(203, 7543, 0, 0, 0),
(203, 7544, -1, -1, 0),
(203, 7545, -1, -1, -1),
(372, 7888, -1, -1, -1),
(104, 7540, -1, -1, -1),
(378, 7905, -1, -1, -1),
(10, 7537, -1, -1, -1),
(10, 7538, -1, -1, -1),
(10, 7539, -1, -1, -1),
(10, 7540, -1, -1, -1),
(403, 7957, -1, -1, 0),
(198, 7533, -1, -1, -1),
(212, 7541, 0, 0, 0),
(212, 7542, -1, -1, -1),
(53, 7236, -1, -1, -1),
(89, 7236, -1, -1, -1),
(119, 7537, -1, -1, -1),
(119, 7538, -1, -1, -1),
(119, 7539, -1, -1, -1),
(119, 7540, -1, -1, -1),
(345, 7534, -1, -1, -1),
(345, 7535, -1, -1, -1),
(1, 7534, -1, -1, -1),
(1, 7535, -1, -1, -1),
(345, 7983, -1, -1, -1),
(33, 8029, -1, -1, -1),
(187, 8031, -1, -1, -1),
(187, 8030, -1, -1, -1),
(264, 7965, -1, -1, -1),
(264, 8004, -1, -1, -1),
(264, 8016, -1, -1, -1),
(264, 7538, -1, -1, -1),
(264, 7539, -1, -1, -1),
(264, 7540, -1, -1, -1),
(264, 7536, -1, -1, -1),
(345, 7996, -1, -1, -1),
(366, 7536, -1, -1, 0),
(384, 7950, -1, -1, -1),
(384, 7980, -1, -1, -1),
(70, 7955, -1, -1, -1),
(70, 7970, -1, -1, -1),
(379, 7975, -1, -1, -1),
(379, 8012, -1, -1, -1),
(379, 7971, -1, -1, -1),
(379, 8005, -1, -1, -1),
(324, 7536, -1, -1, -1),
(378, 8024, -1, -1, -1),
(378, 7960, 0, 0, 0),
(1, 7972, -1, -1, -1),
(345, 7977, -1, -1, -1),
(357, 7951, -1, -1, -1),
(357, 7986, -1, -1, 0),
(357, 7998, -1, -1, -1),
(357, 7543, -1, -1, -1),
(345, 7956, -1, -1, 0),
(55, 7544, -1, -1, -1),
(55, 7545, -1, -1, -1),
(365, 7545, -1, -1, -1),
(365, 7952, -1, -1, -1),
(70, 7966, 0, 0, 0),
(53, 8033, 0, 0, 0),
(53, 8034, -1, -1, -1),
(89, 8033, 0, 0, 0),
(89, 8034, -1, -1, -1),
(346, 8033, -1, -1, -1),
(346, 8034, -1, -1, -1),
(70, 8013, -1, -1, -1),
(366, 7545, -1, -1, -1),
(45, 8034, -1, 0, 0),
(378, 7962, -1, -1, -1),
(384, 7982, -1, -1, 0),
(379, 8010, -1, -1, -1),
(379, 8022, 0, 0, 0),
(379, 7973, 0, 0, 0),
(413, 8033, -1, -1, -1),
(413, 8034, -1, -1, -1),
(84, 8038, 0, 0, 0),
(424, 8039, -1, -1, -1),
(378, 8038, -1, -1, -1),
(73, 8039, -1, -1, -1),
(365, 8038, -1, -1, -1),
(365, 8039, -1, -1, -1),
(365, 8040, -1, -1, 0),
(344, 7968, -1, -1, -1),
(65, 7953, -1, -1, -1),
(65, 8040, -1, -1, 0),
(124, 8039, 0, 0, 0),
(124, 8040, -1, -1, -1),
(290, 7978, -1, -1, -1);

-- --------------------------------------------------------

--
-- Tábla szerkezet ehhez a táblához `munka`
--

CREATE TABLE `munka` (
  `id` int(4) DEFAULT NULL,
  `datum` date DEFAULT NULL,
  `kezdes` time DEFAULT NULL,
  `hossz` int(1) DEFAULT NULL,
  `maxletszam` int(2) DEFAULT NULL,
  `tevekenysegid` int(2) DEFAULT NULL
) ENGINE=InnoDB DEFAULT CHARSET=utf8 COLLATE=utf8_general_ci;

--
-- A tábla adatainak kiíratása `munka`
--

INSERT INTO `munka` (`id`, `datum`, `kezdes`, `hossz`, `maxletszam`, `tevekenysegid`) VALUES
(5948, '2016-09-02', '16:00:00', 3, 1, 52),
(5949, '2016-09-09', '16:00:00', 3, 1, 52),
(5950, '2016-09-16', '16:00:00', 3, 1, 52),
(5951, '2016-09-23', '16:00:00', 3, 1, 52),
(5952, '2016-09-30', '16:00:00', 3, 1, 52),
(5953, '2016-09-03', '10:00:00', 3, 1, 52),
(5954, '2016-09-10', '10:00:00', 3, 1, 52),
(5955, '2016-09-17', '10:00:00', 3, 1, 52),
(5956, '2016-09-24', '10:00:00', 3, 1, 52),
(5957, '2016-10-01', '10:00:00', 3, 1, 52),
(5958, '2016-09-03', '14:00:00', 3, 1, 52),
(5959, '2016-09-10', '14:00:00', 3, 1, 52),
(5960, '2016-09-17', '14:00:00', 3, 1, 52),
(5961, '2016-09-24', '14:00:00', 3, 1, 52),
(5962, '2016-10-01', '14:00:00', 3, 1, 52),
(5963, '2016-09-03', '17:00:00', 3, 1, 52),
(5964, '2016-09-10', '17:00:00', 3, 1, 52),
(5965, '2016-09-17', '17:00:00', 3, 1, 52),
(5966, '2016-09-24', '17:00:00', 3, 1, 52),
(5967, '2016-10-01', '17:00:00', 3, 1, 52),
(5968, '2016-09-04', '10:00:00', 3, 1, 52),
(5969, '2016-09-11', '10:00:00', 3, 1, 52),
(5970, '2016-09-18', '10:00:00', 3, 1, 52),
(5971, '2016-09-25', '10:00:00', 3, 1, 52),
(5972, '2016-10-02', '10:00:00', 3, 1, 52),
(5983, '2016-09-02', '16:00:00', 3, 1, 52),
(5984, '2016-09-09', '16:00:00', 3, 1, 52),
(5985, '2016-09-16', '16:00:00', 3, 1, 52),
(5986, '2016-09-23', '16:00:00', 3, 1, 52),
(5987, '2016-09-30', '16:00:00', 3, 1, 52),
(5988, '2016-09-03', '10:00:00', 3, 1, 52),
(5989, '2016-09-10', '10:00:00', 3, 1, 52),
(5990, '2016-09-17', '10:00:00', 3, 1, 52),
(5991, '2016-09-24', '10:00:00', 3, 1, 52),
(5992, '2016-10-01', '10:00:00', 3, 1, 52),
(5993, '2016-09-03', '14:00:00', 3, 1, 52),
(5994, '2016-09-10', '14:00:00', 3, 1, 52),
(5995, '2016-09-17', '14:00:00', 3, 1, 52),
(5996, '2016-09-24', '14:00:00', 3, 1, 52),
(5997, '2016-10-01', '14:00:00', 3, 1, 52),
(5998, '2016-09-03', '17:00:00', 3, 1, 52),
(5999, '2016-09-10', '17:00:00', 3, 1, 52),
(6000, '2016-09-17', '17:00:00', 3, 1, 52),
(6001, '2016-09-24', '17:00:00', 3, 1, 52),
(6002, '2016-10-01', '17:00:00', 3, 1, 52),
(6003, '2016-09-04', '10:00:00', 3, 1, 52),
(6004, '2016-09-11', '10:00:00', 3, 1, 52),
(6005, '2016-09-18', '10:00:00', 3, 1, 52),
(6006, '2016-09-25', '10:00:00', 3, 1, 52),
(6007, '2016-10-02', '10:00:00', 3, 1, 52),
(5977, '2016-10-02', '13:00:00', 3, 1, 52),
(5982, '2016-10-02', '16:00:00', 3, 1, 52),
(6012, '2016-10-02', '13:00:00', 3, 1, 52),
(6017, '2016-10-02', '16:00:00', 3, 1, 52),
(5976, '2016-09-25', '13:00:00', 3, 1, 52),
(5981, '2016-09-25', '16:00:00', 3, 1, 52),
(6011, '2016-09-25', '13:00:00', 3, 1, 52),
(6016, '2016-09-25', '16:00:00', 3, 1, 52),
(5975, '2016-09-18', '13:00:00', 3, 1, 52),
(5980, '2016-09-18', '16:00:00', 3, 1, 52),
(6010, '2016-09-18', '13:00:00', 3, 1, 52),
(6015, '2016-09-18', '16:00:00', 3, 1, 52),
(5974, '2016-09-11', '13:00:00', 3, 1, 52),
(5979, '2016-09-11', '16:00:00', 3, 1, 52),
(6009, '2016-09-11', '13:00:00', 3, 1, 52),
(6014, '2016-09-11', '16:00:00', 3, 1, 52),
(5973, '2016-09-04', '13:00:00', 3, 1, 52),
(5978, '2016-09-04', '16:00:00', 3, 1, 52),
(6008, '2016-09-04', '13:00:00', 3, 1, 52),
(6013, '2016-09-04', '16:00:00', 3, 1, 52),
(6041, '2016-09-06', '15:00:00', 2, 1, 20),
(6042, '2016-09-13', '15:00:00', 2, 1, 20),
(6043, '2016-09-20', '15:00:00', 2, 1, 20),
(6044, '2016-09-07', '14:00:00', 2, 1, 20),
(6045, '2016-09-09', '17:00:00', 2, 1, 20),
(6046, '2016-09-16', '17:00:00', 2, 1, 20),
(6047, '2016-09-15', '16:00:00', 2, 1, 24),
(6048, '2016-09-22', '16:00:00', 2, 1, 24),
(6049, '2016-09-19', '15:00:00', 2, 1, 20),
(6114, '2016-09-16', '16:30:00', 2, 2, 21),
(6115, '2016-09-23', '16:30:00', 2, 2, 21),
(6116, '2016-09-30', '16:30:00', 2, 2, 21),
(6117, '2016-10-07', '16:30:00', 2, 2, 21),
(6118, '2016-10-14', '16:30:00', 2, 2, 21),
(6119, '2016-10-21', '16:30:00', 2, 2, 21),
(6120, '2016-09-18', '08:30:00', 2, 2, 21),
(6121, '2016-09-25', '08:30:00', 2, 2, 21),
(6122, '2016-10-02', '08:30:00', 2, 2, 21),
(6123, '2016-10-09', '08:30:00', 2, 2, 21),
(6124, '2016-10-16', '08:30:00', 2, 2, 21),
(6125, '2016-10-23', '08:30:00', 2, 2, 21),
(6163, '2016-10-13', '15:00:00', 3, 6, 31),
(6164, '2016-10-20', '15:00:00', 3, 6, 31),
(6165, '2016-11-10', '15:00:00', 3, 6, 31),
(6166, '2016-11-17', '15:00:00', 3, 6, 31),
(6167, '2016-11-18', '15:00:00', 3, 6, 31),
(6168, '2016-11-24', '15:00:00', 3, 6, 31),
(6169, '2016-11-18', '15:00:00', 3, 6, 31),
(6170, '2016-11-24', '15:00:00', 3, 6, 31),
(6198, '2016-10-01', '13:00:00', 3, 1, 51),
(6217, '2016-09-30', '14:30:00', 3, 3, 3),
(6218, '2016-12-03', '15:00:00', 2, 10, 31),
(6219, '2016-12-04', '07:00:00', 3, 10, 31),
(6220, '2016-12-04', '10:00:00', 3, 6, 31),
(6221, '2016-12-04', '13:00:00', 2, 10, 31),
(6251, '2016-10-16', '12:00:00', 4, 4, 20),
(6287, '2016-11-09', '15:30:00', 1, 5, 29),
(6292, '2016-10-21', '16:00:00', 3, 1, 52),
(6293, '2016-10-28', '16:00:00', 3, 1, 27),
(6294, '2016-11-04', '16:00:00', 3, 1, 27),
(6295, '2016-11-11', '16:00:00', 3, 1, 27),
(6296, '2016-11-18', '16:00:00', 3, 1, 27),
(6297, '2016-10-21', '16:00:00', 3, 1, 52),
(6298, '2016-10-28', '16:00:00', 3, 1, 52),
(6299, '2016-11-04', '16:00:00', 3, 1, 52),
(6300, '2016-11-11', '16:00:00', 3, 1, 52),
(6301, '2016-11-18', '16:00:00', 3, 1, 52),
(6302, '2016-11-25', '16:00:00', 3, 1, 52),
(6303, '2016-10-22', '10:00:00', 3, 1, 52),
(6304, '2016-10-29', '10:00:00', 3, 1, 52),
(6305, '2016-11-05', '10:00:00', 3, 1, 52),
(6306, '2016-11-12', '10:00:00', 3, 1, 52),
(6307, '2016-11-19', '10:00:00', 3, 1, 52),
(6308, '2016-11-26', '10:00:00', 3, 1, 52),
(6309, '2016-10-22', '13:00:00', 3, 1, 52),
(6310, '2016-10-29', '13:00:00', 3, 1, 52),
(6311, '2016-11-05', '13:00:00', 3, 1, 52),
(6312, '2016-11-12', '13:00:00', 3, 1, 52),
(6313, '2016-11-19', '13:00:00', 3, 1, 52),
(6314, '2016-11-26', '13:00:00', 3, 1, 52),
(6315, '2016-10-22', '16:00:00', 3, 1, 52),
(6316, '2016-10-29', '16:00:00', 3, 1, 52),
(6317, '2016-11-05', '16:00:00', 3, 1, 52),
(6318, '2016-11-12', '16:00:00', 3, 1, 52),
(6319, '2016-11-19', '16:00:00', 3, 1, 52),
(6320, '2016-11-26', '16:00:00', 3, 1, 52),
(6321, '2016-10-30', '10:00:00', 3, 1, 52),
(6322, '2016-11-06', '10:00:00', 3, 1, 52),
(6323, '2016-11-13', '10:00:00', 3, 1, 52),
(6324, '2016-11-20', '10:00:00', 3, 1, 52),
(6325, '2016-11-27', '10:00:00', 3, 1, 52),
(6326, '2016-10-30', '10:00:00', 3, 1, 52),
(6327, '2016-11-06', '10:00:00', 3, 1, 52),
(6328, '2016-11-13', '10:00:00', 3, 1, 52),
(6329, '2016-11-20', '10:00:00', 3, 1, 52),
(6330, '2016-11-27', '10:00:00', 3, 1, 52),
(6331, '2016-10-30', '13:00:00', 3, 1, 27),
(6332, '2016-11-06', '13:00:00', 3, 1, 27),
(6333, '2016-11-13', '13:00:00', 3, 1, 27),
(6334, '2016-11-20', '13:00:00', 3, 1, 27),
(6335, '2016-11-27', '13:00:00', 3, 1, 27),
(6336, '2016-10-30', '16:00:00', 3, 1, 52),
(6337, '2016-11-06', '16:00:00', 3, 1, 52),
(6338, '2016-11-13', '16:00:00', 3, 1, 52),
(6339, '2016-11-20', '16:00:00', 3, 1, 52),
(6340, '2016-11-27', '16:00:00', 3, 1, 52),
(6341, '2016-10-22', '10:00:00', 3, 1, 52),
(6342, '2016-10-29', '10:00:00', 3, 1, 52),
(6343, '2016-11-05', '10:00:00', 3, 1, 52),
(6344, '2016-11-12', '10:00:00', 3, 1, 52),
(6345, '2016-11-19', '10:00:00', 3, 1, 52),
(6346, '2016-11-26', '10:00:00', 3, 1, 52),
(6347, '2016-10-22', '13:00:00', 3, 1, 52),
(6348, '2016-10-29', '13:00:00', 3, 1, 52),
(6349, '2016-11-05', '13:00:00', 3, 1, 52),
(6350, '2016-11-12', '13:00:00', 3, 1, 52),
(6351, '2016-11-19', '13:00:00', 3, 1, 52),
(6352, '2016-11-26', '13:00:00', 3, 1, 52),
(6353, '2016-10-22', '16:00:00', 3, 1, 52),
(6354, '2016-10-29', '16:00:00', 3, 1, 52),
(6355, '2016-11-05', '16:00:00', 3, 1, 52),
(6356, '2016-11-12', '16:00:00', 3, 1, 52),
(6357, '2016-11-19', '16:00:00', 3, 1, 52),
(6358, '2016-11-26', '16:00:00', 3, 1, 52),
(6359, '2016-10-30', '13:00:00', 3, 1, 52),
(6360, '2016-11-06', '13:00:00', 3, 1, 52),
(6361, '2016-11-13', '13:00:00', 3, 1, 52),
(6362, '2016-11-20', '13:00:00', 3, 1, 52),
(6363, '2016-11-27', '13:00:00', 3, 1, 52),
(6364, '2016-10-30', '16:00:00', 3, 1, 52),
(6365, '2016-11-06', '16:00:00', 3, 1, 52),
(6366, '2016-11-13', '16:00:00', 3, 1, 52),
(6367, '2016-11-20', '16:00:00', 3, 1, 52),
(6368, '2016-11-27', '16:00:00', 3, 1, 52),
(6377, '2016-11-11', '16:30:00', 2, 2, 21),
(6378, '2016-11-18', '16:30:00', 2, 2, 21),
(6379, '2016-11-25', '16:30:00', 2, 2, 21),
(6380, '2016-12-02', '16:30:00', 2, 2, 21),
(6381, '2016-12-09', '16:30:00', 2, 2, 21),
(6382, '2016-12-16', '16:30:00', 2, 2, 21),
(6376, '2016-12-18', '08:30:00', 2, 2, 21),
(6375, '2016-12-11', '08:30:00', 2, 2, 21),
(6374, '2016-12-04', '08:30:00', 2, 2, 21),
(6373, '2016-11-27', '08:30:00', 2, 2, 21),
(6372, '2016-11-20', '08:30:00', 2, 2, 21),
(6371, '2016-11-13', '08:30:00', 2, 2, 21),
(6370, '2016-11-06', '08:30:00', 2, 2, 21),
(6369, '2016-10-30', '08:30:00', 2, 2, 21),
(6391, '2016-11-26', '15:00:00', 3, 2, 21),
(6399, '2016-12-10', '08:00:00', 4, 5, 45),
(6400, '2016-12-10', '12:00:00', 4, 5, 45),
(6403, '2016-10-28', '15:00:00', 2, 1, 42),
(6405, '2016-11-03', '12:00:00', 3, 1, 42),
(6406, '2016-11-04', '12:00:00', 3, 1, 42),
(6407, '2016-11-04', '16:00:00', 2, 1, 24),
(6408, '2016-11-05', '16:00:00', 2, 1, 24),
(6409, '2016-11-04', '16:00:00', 2, 1, 24),
(6410, '2016-11-05', '16:00:00', 2, 1, 24),
(6411, '2016-11-07', '15:00:00', 2, 1, 24),
(6412, '2016-11-14', '15:00:00', 2, 1, 24),
(6413, '2016-11-21', '15:00:00', 2, 1, 24),
(6414, '2016-11-10', '15:00:00', 2, 1, 20),
(6415, '2016-11-17', '15:00:00', 2, 1, 20),
(6416, '2016-11-15', '16:00:00', 2, 1, 24),
(6417, '2016-11-22', '16:00:00', 2, 1, 24),
(6418, '2016-11-09', '14:00:00', 2, 1, 24),
(6404, '2016-11-02', '15:00:00', 2, 1, 42),
(6424, '2016-11-09', '16:00:00', 3, 1, 24),
(6425, '2016-11-12', '10:00:00', 4, 4, 57),
(6426, '2016-11-19', '08:00:00', 3, 4, 19),
(6427, '2016-12-10', '08:00:00', 3, 4, 19),
(6428, '2016-11-19', '11:00:00', 3, 4, 19),
(6429, '2016-12-10', '11:00:00', 3, 4, 19),
(6430, '2016-11-19', '15:00:00', 2, 4, 19),
(6431, '2016-12-10', '15:00:00', 2, 4, 19),
(6432, '2016-12-22', '15:00:00', 4, 4, 8),
(6397, '2016-11-12', '09:00:00', 4, 5, 45),
(6398, '2016-11-12', '13:00:00', 3, 5, 45),
(6438, '2016-11-26', '09:30:00', 3, 5, 18),
(6440, '2016-11-27', '10:00:00', 3, 3, 18),
(6441, '2016-12-03', '16:00:00', 3, 3, 18),
(6442, '2016-12-16', '16:00:00', 3, 5, 18),
(6445, '2016-11-19', '15:00:00', 3, 1, 5),
(6437, '2016-11-19', '09:30:00', 3, 3, 18),
(6449, '2016-11-23', '15:00:00', 1, 1, 11),
(6469, '2016-11-23', '15:00:00', 1, 1, 11),
(6489, '2016-11-23', '15:00:00', 1, 1, 11),
(6501, '2016-11-23', '15:00:00', 1, 1, 11),
(6504, '2016-12-14', '15:00:00', 1, 1, 11),
(6505, '2016-12-21', '15:00:00', 1, 1, 11),
(6506, '2016-12-28', '15:00:00', 1, 1, 11),
(6507, '2017-01-08', '08:30:00', 2, 1, 21),
(6508, '2017-01-15', '08:30:00', 2, 1, 21),
(6447, '2016-11-19', '11:00:00', 3, 1, 24),
(6510, '2016-11-20', '18:00:00', 3, 3, 22),
(6512, '2016-11-19', '10:00:00', 3, 2, 39),
(6513, '2016-11-20', '10:00:00', 3, 2, 39),
(6514, '2016-11-19', '08:00:00', 3, 3, 24),
(6515, '2016-11-20', '08:00:00', 3, 3, 24),
(6554, '2016-12-07', '18:00:00', 2, 2, 30),
(6555, '2016-12-16', '15:00:00', 1, 7, 18),
(6557, '2016-12-18', '14:00:00', 3, 3, 52),
(6534, '2016-11-28', '17:00:00', 3, 2, 58),
(6516, '2016-11-28', '15:00:00', 2, 2, 58),
(6538, '2016-11-29', '17:00:00', 3, 2, 58),
(6520, '2016-11-29', '15:00:00', 2, 2, 58),
(6542, '2016-11-30', '17:00:00', 3, 2, 58),
(6524, '2016-11-30', '15:00:00', 2, 2, 58),
(6546, '2016-12-01', '17:00:00', 3, 2, 58),
(6528, '2016-12-01', '15:00:00', 2, 2, 58),
(6549, '2016-12-02', '17:00:00', 3, 2, 58),
(6531, '2016-12-02', '15:00:00', 2, 2, 58),
(6535, '2016-12-05', '17:00:00', 3, 2, 58),
(6517, '2016-12-05', '15:00:00', 2, 2, 58),
(6539, '2016-12-06', '17:00:00', 3, 2, 58),
(6533, '2016-12-06', '15:00:00', 2, 2, 58),
(6543, '2016-12-07', '17:00:00', 3, 2, 58),
(6525, '2016-12-07', '15:00:00', 2, 2, 58),
(6547, '2016-12-08', '17:00:00', 3, 2, 58),
(6529, '2016-12-08', '15:00:00', 2, 2, 58),
(6552, '2016-12-09', '15:00:00', 2, 2, 58),
(6550, '2016-12-09', '17:00:00', 3, 2, 58),
(6536, '2016-12-12', '17:00:00', 3, 2, 58),
(6518, '2016-12-12', '15:00:00', 2, 2, 58),
(6540, '2016-12-13', '17:00:00', 3, 2, 58),
(6522, '2016-12-13', '15:00:00', 2, 2, 58),
(6544, '2016-12-14', '17:00:00', 3, 2, 58),
(6526, '2016-12-14', '15:00:00', 2, 2, 58),
(6548, '2016-12-15', '17:00:00', 3, 2, 58),
(6530, '2016-12-15', '15:00:00', 2, 2, 58),
(6553, '2016-12-16', '15:00:00', 2, 2, 58),
(6551, '2016-12-16', '17:00:00', 3, 2, 58),
(6537, '2016-12-19', '17:00:00', 3, 2, 58),
(6519, '2016-12-19', '15:00:00', 2, 2, 58),
(6541, '2016-12-20', '17:00:00', 3, 2, 58),
(6523, '2016-12-20', '15:00:00', 2, 2, 58),
(6545, '2016-12-21', '17:00:00', 3, 2, 58),
(6527, '2016-12-21', '15:00:00', 2, 2, 58),
(6598, '2016-11-26', '10:00:00', 3, 1, 39),
(6599, '2016-11-27', '10:00:00', 3, 1, 39),
(6603, '2016-12-09', '16:00:00', 3, 1, 52),
(6604, '2016-12-16', '16:00:00', 3, 1, 52),
(6605, '2016-12-23', '16:00:00', 3, 1, 52),
(6606, '2016-12-30', '16:00:00', 3, 1, 52),
(6607, '2016-12-10', '10:00:00', 3, 1, 52),
(6608, '2016-12-17', '10:00:00', 3, 1, 52),
(6609, '2016-12-10', '13:00:00', 3, 1, 27),
(6610, '2016-12-17', '13:00:00', 3, 1, 27),
(6611, '2016-12-10', '16:00:00', 3, 1, 52),
(6612, '2016-12-17', '16:00:00', 3, 1, 52),
(6613, '2016-12-11', '10:00:00', 3, 1, 52),
(6614, '2016-12-18', '10:00:00', 3, 1, 52),
(6615, '2016-12-11', '13:00:00', 3, 1, 52),
(6616, '2016-12-18', '13:00:00', 3, 1, 52),
(6617, '2016-12-11', '16:00:00', 3, 1, 52),
(6618, '2016-12-18', '16:00:00', 3, 1, 52),
(6619, '2016-12-09', '16:00:00', 3, 1, 52),
(6620, '2016-12-16', '16:00:00', 3, 1, 52),
(6621, '2016-12-23', '16:00:00', 3, 1, 52),
(6622, '2016-12-30', '16:00:00', 3, 1, 52),
(6623, '2016-12-10', '10:00:00', 3, 1, 52),
(6624, '2016-12-17', '10:00:00', 3, 1, 52),
(6625, '2016-12-10', '13:00:00', 3, 1, 27),
(6626, '2016-12-17', '13:00:00', 3, 1, 27),
(6627, '2016-12-10', '16:00:00', 3, 1, 52),
(6628, '2016-12-17', '16:00:00', 3, 1, 52),
(6629, '2016-12-11', '10:00:00', 3, 1, 52),
(6630, '2016-12-18', '10:00:00', 3, 1, 52),
(6631, '2016-12-11', '13:00:00', 3, 1, 52),
(6632, '2016-12-18', '13:00:00', 3, 1, 52),
(6633, '2016-12-11', '16:00:00', 3, 1, 52),
(6634, '2016-12-18', '16:00:00', 3, 1, 52),
(6635, '2016-12-02', '16:00:00', 2, 1, 41),
(6636, '2017-01-14', '16:30:00', 2, 2, 34),
(6638, '2016-12-02', '16:00:00', 3, 1, 58),
(6639, '2016-12-16', '16:00:00', 3, 1, 58),
(6640, '2016-12-03', '10:00:00', 3, 1, 31),
(6641, '2016-12-10', '10:00:00', 3, 1, 31),
(6642, '2016-12-17', '10:00:00', 3, 1, 31),
(6644, '2016-12-09', '14:30:00', 2, 7, 24),
(6645, '2016-12-11', '17:00:00', 2, 2, 30),
(6646, '2016-12-12', '17:00:00', 2, 2, 30),
(6647, '2016-12-08', '16:00:00', 3, 2, 58),
(6648, '2016-12-09', '15:00:00', 3, 3, 40),
(6649, '2016-12-16', '15:00:00', 3, 3, 40),
(6650, '2016-12-23', '15:00:00', 3, 3, 40),
(6651, '2016-12-10', '16:00:00', 3, 3, 58),
(6652, '2016-11-18', '16:00:00', 3, 1, 58),
(6653, '2016-11-20', '16:00:00', 3, 1, 58),
(6654, '2016-12-18', '16:00:00', 3, 1, 58),
(6655, '2016-12-20', '16:00:00', 3, 1, 58),
(6656, '2016-12-07', '16:30:00', 2, 1, 58),
(6657, '2016-12-08', '16:30:00', 2, 1, 58),
(6658, '2016-12-09', '15:00:00', 3, 2, 58),
(6659, '2016-12-11', '16:30:00', 2, 1, 58),
(6660, '2016-12-16', '16:30:00', 3, 6, 18),
(6661, '2016-12-16', '18:00:00', 3, 3, 18),
(6662, '2016-12-27', '10:00:00', 3, 1, 52),
(6663, '2016-12-28', '10:00:00', 3, 1, 52),
(6664, '2016-12-29', '10:00:00', 3, 1, 52),
(6665, '2016-12-27', '14:00:00', 3, 1, 52),
(6666, '2016-12-28', '14:00:00', 3, 1, 52),
(6667, '2016-12-29', '14:00:00', 3, 1, 52),
(6668, '2016-12-27', '17:00:00', 3, 1, 52),
(6669, '2016-12-28', '17:00:00', 3, 1, 52),
(6670, '2016-12-29', '17:00:00', 3, 1, 52),
(6671, '2016-12-27', '10:00:00', 3, 1, 52),
(6672, '2016-12-28', '10:00:00', 3, 1, 52),
(6673, '2016-12-29', '10:00:00', 3, 1, 52),
(6674, '2016-12-27', '14:00:00', 3, 1, 52),
(6675, '2016-12-28', '14:00:00', 3, 1, 52),
(6676, '2016-12-29', '14:00:00', 3, 1, 52),
(6677, '2016-12-27', '17:00:00', 3, 1, 52),
(6678, '2016-12-28', '17:00:00', 3, 1, 52),
(6679, '2016-12-29', '17:00:00', 3, 1, 52),
(6692, '2016-12-15', '14:00:00', 3, 2, 35),
(6689, '2016-12-19', '14:00:00', 3, 2, 35),
(6690, '2016-12-20', '14:00:00', 3, 2, 35),
(6691, '2016-12-21', '14:00:00', 3, 2, 35),
(6696, '2016-12-16', '14:00:00', 3, 2, 35),
(6697, '2016-12-15', '18:00:00', 3, 3, 1),
(6699, '2016-12-17', '10:00:00', 3, 1, 57),
(6700, '2016-12-24', '10:00:00', 3, 1, 57),
(6701, '2016-12-31', '10:00:00', 3, 1, 57),
(6702, '2017-01-07', '10:00:00', 3, 1, 57),
(6703, '2017-01-14', '10:00:00', 3, 1, 57),
(6704, '2016-12-18', '10:00:00', 3, 1, 57),
(6705, '2016-12-25', '10:00:00', 3, 1, 57),
(6706, '2017-01-01', '10:00:00', 3, 1, 57),
(6707, '2017-01-08', '10:00:00', 3, 1, 57),
(6708, '2017-01-15', '10:00:00', 3, 1, 57),
(6709, '2017-01-09', '14:00:00', 3, 2, 35),
(6710, '2017-01-16', '14:00:00', 3, 2, 35),
(6711, '2017-01-23', '14:00:00', 3, 2, 35),
(6712, '2017-01-03', '14:00:00', 3, 2, 35),
(6713, '2017-01-10', '14:00:00', 3, 2, 35),
(6714, '2017-01-17', '14:00:00', 3, 2, 35),
(6715, '2017-01-24', '14:00:00', 3, 2, 35),
(6716, '2017-01-04', '14:00:00', 3, 2, 35),
(6717, '2017-01-11', '14:00:00', 3, 2, 35),
(6718, '2017-01-18', '14:00:00', 3, 2, 35),
(6719, '2017-01-25', '14:00:00', 3, 2, 35),
(6720, '2017-01-05', '14:00:00', 3, 2, 35),
(6721, '2017-01-12', '14:00:00', 3, 2, 35),
(6722, '2017-01-19', '14:00:00', 3, 2, 35),
(6723, '2017-01-26', '14:00:00', 3, 2, 35),
(6724, '2017-01-06', '14:00:00', 3, 2, 35),
(6725, '2017-01-13', '14:00:00', 3, 2, 35),
(6726, '2017-01-20', '14:00:00', 3, 2, 35),
(6727, '2017-01-27', '14:00:00', 3, 2, 35),
(6728, '2017-02-06', '14:00:00', 3, 2, 35),
(6729, '2017-02-07', '14:00:00', 3, 2, 35),
(6730, '2017-02-08', '14:00:00', 3, 2, 35),
(6731, '2017-02-09', '14:00:00', 3, 2, 35),
(6732, '2017-02-10', '14:00:00', 3, 2, 35),
(6733, '2016-12-17', '17:00:00', 2, 2, 58),
(6734, '2016-12-20', '10:00:00', 4, 1, 9),
(6735, '2016-12-22', '15:00:00', 3, 1, 33),
(6736, '2016-12-23', '15:00:00', 3, 1, 33),
(6737, '2016-12-27', '13:00:00', 1, 2, 52),
(6738, '2016-12-28', '13:00:00', 1, 2, 52),
(6739, '2016-12-20', '14:00:00', 1, 2, 21),
(6740, '2017-01-03', '14:00:00', 1, 2, 21),
(6741, '2017-01-06', '16:00:00', 2, 2, 32),
(6742, '2017-01-13', '16:00:00', 2, 2, 32),
(6743, '2017-01-20', '16:00:00', 2, 2, 32),
(6744, '2017-01-27', '16:00:00', 2, 2, 32),
(6745, '2017-02-03', '16:00:00', 2, 2, 32),
(6746, '2017-02-10', '16:00:00', 2, 2, 32),
(6747, '2017-02-17', '16:00:00', 2, 2, 32),
(6748, '2017-02-24', '16:00:00', 2, 2, 32),
(6749, '2017-03-03', '16:00:00', 2, 2, 32),
(6750, '2017-03-10', '16:00:00', 2, 2, 32),
(6751, '2017-01-13', '16:00:00', 3, 1, 52),
(6752, '2017-01-20', '16:00:00', 3, 1, 52),
(6753, '2017-01-27', '16:00:00', 3, 1, 52),
(6754, '2017-02-03', '16:00:00', 3, 1, 52),
(6755, '2017-01-13', '16:00:00', 3, 1, 52),
(6756, '2017-01-20', '16:00:00', 3, 1, 52),
(6757, '2017-01-27', '16:00:00', 3, 1, 52),
(6758, '2017-02-03', '16:00:00', 3, 1, 52),
(6759, '2017-01-14', '10:00:00', 3, 1, 52),
(6760, '2017-01-21', '10:00:00', 3, 1, 52),
(6761, '2017-01-28', '10:00:00', 3, 1, 52),
(6762, '2017-02-04', '10:00:00', 3, 1, 52),
(6763, '2017-01-14', '13:00:00', 3, 1, 52),
(6764, '2017-01-21', '13:00:00', 3, 1, 52),
(6765, '2017-01-28', '13:00:00', 3, 1, 52),
(6766, '2017-02-04', '13:00:00', 3, 1, 52),
(6767, '2017-01-14', '16:00:00', 3, 1, 52),
(6768, '2017-01-21', '16:00:00', 3, 1, 52),
(6769, '2017-01-28', '16:00:00', 3, 1, 52),
(6770, '2017-02-04', '16:00:00', 3, 1, 52),
(6771, '2017-01-14', '10:00:00', 3, 1, 52),
(6772, '2017-01-21', '10:00:00', 3, 1, 52),
(6773, '2017-01-28', '10:00:00', 3, 1, 52),
(6774, '2017-02-04', '10:00:00', 3, 1, 52),
(6775, '2017-01-14', '13:00:00', 3, 1, 52),
(6776, '2017-01-21', '13:00:00', 3, 1, 52),
(6777, '2017-01-28', '13:00:00', 3, 1, 52),
(6778, '2017-02-04', '13:00:00', 3, 1, 52),
(6779, '2017-01-14', '16:00:00', 3, 1, 52),
(6780, '2017-01-21', '16:00:00', 3, 1, 52),
(6781, '2017-01-28', '16:00:00', 3, 1, 52),
(6782, '2017-02-04', '16:00:00', 3, 1, 52),
(6783, '2017-01-15', '10:00:00', 3, 1, 52),
(6784, '2017-01-22', '10:00:00', 3, 1, 52),
(6785, '2017-01-29', '10:00:00', 3, 1, 52),
(6786, '2017-02-05', '10:00:00', 3, 1, 52),
(6787, '2017-01-15', '13:00:00', 3, 1, 52),
(6788, '2017-01-22', '13:00:00', 3, 1, 52),
(6789, '2017-01-29', '13:00:00', 3, 1, 52),
(6790, '2017-02-05', '13:00:00', 3, 1, 52),
(6791, '2017-01-15', '16:00:00', 3, 1, 52),
(6792, '2017-01-22', '16:00:00', 3, 1, 52),
(6793, '2017-01-29', '16:00:00', 3, 1, 52),
(6794, '2017-02-05', '16:00:00', 3, 1, 52),
(6795, '2017-01-15', '10:00:00', 3, 1, 52),
(6796, '2017-01-22', '10:00:00', 3, 1, 52),
(6797, '2017-01-29', '10:00:00', 3, 1, 52),
(6798, '2017-02-05', '10:00:00', 3, 1, 52),
(6799, '2017-01-15', '13:00:00', 3, 1, 52),
(6800, '2017-01-22', '13:00:00', 3, 1, 52),
(6801, '2017-01-29', '13:00:00', 3, 1, 52),
(6802, '2017-02-05', '13:00:00', 3, 1, 52),
(6803, '2017-01-15', '16:00:00', 3, 1, 52),
(6804, '2017-01-22', '16:00:00', 3, 1, 52),
(6805, '2017-01-29', '16:00:00', 3, 1, 52),
(6806, '2017-02-05', '16:00:00', 3, 1, 52),
(6862, '2017-01-26', '16:00:00', 3, 10, 19),
(6908, '2017-01-26', '17:00:00', 3, 2, 8),
(6909, '2017-01-27', '17:00:00', 3, 2, 8),
(6910, '2017-01-28', '17:00:00', 3, 2, 8),
(6911, '2017-01-27', '17:00:00', 3, 1, 58),
(6912, '2017-01-28', '17:00:00', 3, 1, 58),
(6913, '2017-01-29', '17:00:00', 3, 1, 58),
(6914, '2017-01-25', '16:00:00', 2, 1, 44),
(6915, '2017-01-26', '16:00:00', 2, 1, 44),
(6916, '2017-02-01', '14:00:00', 2, 1, 44),
(6917, '2017-02-02', '14:00:00', 2, 1, 44),
(6918, '2017-02-03', '14:00:00', 2, 1, 44),
(6920, '2017-01-27', '16:00:00', 3, 1, 31),
(6921, '2017-01-27', '16:00:00', 3, 1, 31),
(6922, '2017-01-28', '08:00:00', 5, 2, 31),
(6923, '2017-01-30', '18:00:00', 2, 2, 50),
(6924, '2017-01-31', '18:00:00', 2, 2, 50),
(6925, '2017-02-01', '18:00:00', 2, 2, 50),
(6926, '2017-02-02', '18:00:00', 2, 2, 50),
(6927, '2017-02-03', '18:00:00', 2, 2, 50),
(6928, '2017-02-10', '16:00:00', 3, 1, 52),
(6929, '2017-02-17', '16:00:00', 3, 1, 52),
(6930, '2017-02-24', '16:00:00', 3, 1, 52),
(6931, '2017-03-03', '16:00:00', 3, 1, 52),
(6932, '2017-03-10', '16:00:00', 3, 1, 52),
(6933, '2017-02-11', '10:00:00', 3, 1, 52),
(6934, '2017-02-18', '10:00:00', 3, 1, 52),
(6935, '2017-02-25', '10:00:00', 3, 1, 52),
(6936, '2017-03-04', '10:00:00', 3, 1, 52),
(6937, '2017-03-11', '10:00:00', 3, 1, 52),
(6938, '2017-02-11', '13:00:00', 3, 1, 52),
(6939, '2017-02-18', '13:00:00', 3, 1, 52),
(6940, '2017-02-25', '13:00:00', 3, 1, 52),
(6941, '2017-03-04', '13:00:00', 3, 1, 52),
(6942, '2017-03-11', '13:00:00', 3, 1, 52),
(6943, '2017-02-11', '16:00:00', 3, 1, 52),
(6944, '2017-02-18', '16:00:00', 3, 1, 52),
(6945, '2017-02-25', '16:00:00', 3, 1, 52),
(6946, '2017-03-04', '16:00:00', 3, 1, 52),
(6947, '2017-03-11', '16:00:00', 3, 1, 52),
(6948, '2017-02-10', '16:00:00', 3, 1, 27),
(6949, '2017-02-17', '16:00:00', 3, 1, 27),
(6950, '2017-02-24', '16:00:00', 3, 1, 27),
(6951, '2017-03-03', '16:00:00', 3, 1, 27),
(6952, '2017-03-10', '16:00:00', 3, 1, 27),
(6953, '2017-02-11', '10:00:00', 3, 1, 52),
(6954, '2017-02-14', '10:00:00', 3, 1, 52),
(6955, '2017-02-17', '10:00:00', 3, 1, 52),
(6956, '2017-02-20', '10:00:00', 3, 1, 52),
(6957, '2017-02-23', '10:00:00', 3, 1, 52),
(6958, '2017-02-11', '13:00:00', 3, 1, 52),
(6959, '2017-02-18', '13:00:00', 3, 1, 52),
(6960, '2017-02-25', '13:00:00', 3, 1, 52),
(6961, '2017-03-04', '13:00:00', 3, 1, 52),
(6962, '2017-03-11', '13:00:00', 3, 1, 52),
(6963, '2017-02-11', '16:00:00', 3, 1, 52),
(6964, '2017-02-18', '16:00:00', 3, 1, 52),
(6965, '2017-02-25', '16:00:00', 3, 1, 52),
(6966, '2017-03-04', '16:00:00', 3, 1, 52),
(6967, '2017-03-11', '16:00:00', 3, 1, 52),
(6968, '2017-02-12', '10:00:00', 3, 1, 52),
(6969, '2017-02-19', '10:00:00', 3, 1, 52),
(6970, '2017-02-26', '10:00:00', 3, 1, 52),
(6971, '2017-03-05', '10:00:00', 3, 1, 52),
(6972, '2017-03-12', '10:00:00', 3, 1, 52),
(6973, '2017-02-12', '13:00:00', 3, 1, 27),
(6974, '2017-02-19', '13:00:00', 3, 1, 27),
(6975, '2017-02-26', '13:00:00', 3, 1, 27),
(6976, '2017-03-05', '13:00:00', 3, 1, 27),
(6977, '2017-03-12', '13:00:00', 3, 1, 27),
(6978, '2017-02-12', '16:00:00', 3, 1, 27),
(6979, '2017-02-19', '16:00:00', 3, 1, 27),
(6980, '2017-02-26', '16:00:00', 3, 1, 27),
(6981, '2017-03-05', '16:00:00', 3, 1, 27),
(6982, '2017-03-12', '16:00:00', 3, 1, 27),
(6983, '2017-02-12', '10:00:00', 3, 1, 52),
(6984, '2017-02-19', '10:00:00', 3, 1, 52),
(6985, '2017-02-26', '10:00:00', 3, 1, 52),
(6986, '2017-03-05', '10:00:00', 3, 1, 52),
(6987, '2017-03-12', '10:00:00', 3, 1, 52),
(6988, '2017-02-12', '13:00:00', 3, 1, 52),
(6989, '2017-02-19', '13:00:00', 3, 1, 52),
(6990, '2017-02-26', '13:00:00', 3, 1, 52),
(6991, '2017-03-05', '13:00:00', 3, 1, 52),
(6992, '2017-03-12', '13:00:00', 3, 1, 52),
(6993, '2017-02-12', '16:00:00', 3, 1, 52),
(6994, '2017-02-19', '16:00:00', 3, 1, 52),
(6995, '2017-02-26', '16:00:00', 3, 1, 52),
(6996, '2017-03-05', '16:00:00', 3, 1, 52),
(6997, '2017-03-12', '16:00:00', 3, 1, 52),
(7002, '2017-02-11', '10:00:00', 3, 1, 24),
(7005, '2017-02-15', '19:00:00', 2, 3, 9),
(7007, '2017-02-17', '14:00:00', 3, 1, 45),
(7008, '2017-02-21', '14:00:00', 3, 8, 29),
(7009, '2017-02-17', '15:00:00', 3, 2, 31),
(7010, '2017-02-17', '15:00:00', 3, 2, 31),
(7011, '2017-03-01', '14:00:00', 3, 2, 28),
(7012, '2017-03-08', '14:00:00', 3, 2, 28),
(7013, '2017-03-15', '14:00:00', 3, 2, 28),
(7014, '2017-03-22', '14:00:00', 3, 2, 28),
(7015, '2017-03-29', '14:00:00', 3, 2, 28),
(7016, '2017-04-05', '14:00:00', 3, 2, 28),
(7018, '2017-02-24', '16:00:00', 3, 2, 24),
(7019, '2017-03-07', '18:00:00', 1, 4, 6),
(7020, '2017-03-06', '14:00:00', 3, 2, 35),
(7021, '2017-03-07', '14:00:00', 3, 2, 35),
(7022, '2017-03-08', '14:00:00', 3, 2, 35),
(7023, '2017-03-09', '14:00:00', 3, 2, 35),
(7024, '2017-03-10', '14:00:00', 3, 2, 35),
(7025, '2017-03-04', '08:00:00', 5, 2, 9),
(7026, '2017-03-03', '14:00:00', 2, 2, 16),
(7027, '2017-03-11', '14:00:00', 2, 1, 16),
(7028, '2017-03-18', '14:00:00', 2, 1, 16),
(7029, '2017-03-25', '14:00:00', 2, 1, 16),
(7030, '2017-04-01', '14:00:00', 2, 1, 16),
(7031, '2017-04-08', '14:00:00', 2, 1, 16),
(7032, '2017-04-15', '14:00:00', 2, 1, 16),
(7033, '2017-04-22', '14:00:00', 2, 1, 16),
(7034, '2017-04-29', '14:00:00', 2, 1, 16),
(7035, '2017-05-06', '14:00:00', 2, 1, 16),
(7036, '2017-05-13', '14:00:00', 2, 1, 16),
(7037, '2017-05-20', '14:00:00', 2, 1, 16),
(7038, '2017-05-27', '14:00:00', 2, 1, 16),
(7042, '2017-03-08', '15:00:00', 1, 1, 11),
(7043, '2017-03-15', '15:00:00', 1, 1, 11),
(7044, '2017-03-22', '15:00:00', 1, 1, 11),
(7045, '2017-03-29', '15:00:00', 1, 1, 11),
(7046, '2017-04-05', '15:00:00', 1, 1, 11),
(7047, '2017-04-12', '15:00:00', 1, 1, 11),
(7048, '2017-04-19', '15:00:00', 1, 1, 11),
(7049, '2017-04-26', '15:00:00', 1, 1, 11),
(7050, '2017-05-03', '15:00:00', 1, 1, 11),
(7051, '2017-05-10', '15:00:00', 1, 1, 11),
(7052, '2017-05-17', '15:00:00', 1, 1, 11),
(7053, '2017-05-24', '15:00:00', 1, 1, 11),
(7054, '2017-03-09', '14:30:00', 1, 4, 18),
(7055, '2017-03-09', '14:00:00', 3, 13, 4),
(7056, '2017-03-10', '08:30:00', 1, 4, 9),
(7057, '2017-03-11', '08:30:00', 1, 4, 9),
(7058, '2017-03-12', '08:30:00', 1, 4, 9),
(7059, '2017-03-13', '14:00:00', 3, 8, 9),
(7060, '2017-03-14', '14:00:00', 3, 7, 9),
(7062, '2017-03-08', '15:00:00', 1, 2, 45),
(7063, '2017-03-09', '18:30:00', 3, 3, 1),
(7064, '2017-03-11', '12:00:00', 1, 13, 9),
(7065, '2017-03-11', '13:00:00', 1, 8, 9),
(7066, '2017-03-12', '12:00:00', 1, 8, 9),
(7067, '2017-03-09', '15:30:00', 3, 2, 9),
(7068, '2017-03-10', '16:00:00', 3, 1, 9),
(7069, '2017-03-17', '16:00:00', 3, 1, 52),
(7070, '2017-03-24', '16:00:00', 3, 1, 52),
(7071, '2017-03-31', '16:00:00', 3, 1, 52),
(7072, '2017-04-07', '16:00:00', 3, 1, 52),
(7073, '2017-03-18', '10:00:00', 3, 1, 52),
(7074, '2017-03-25', '10:00:00', 3, 1, 52),
(7075, '2017-04-01', '10:00:00', 3, 1, 52),
(7076, '2017-04-08', '10:00:00', 3, 1, 52),
(7077, '2017-03-18', '13:00:00', 3, 1, 52),
(7078, '2017-03-25', '13:00:00', 3, 1, 52),
(7079, '2017-04-01', '13:00:00', 3, 1, 52),
(7080, '2017-04-08', '13:00:00', 3, 1, 52),
(7081, '2017-03-18', '16:00:00', 3, 1, 52),
(7082, '2017-03-25', '16:00:00', 3, 1, 52),
(7083, '2017-04-01', '16:00:00', 3, 1, 52),
(7084, '2017-04-08', '16:00:00', 3, 1, 52),
(7085, '2017-03-19', '10:00:00', 3, 1, 52),
(7086, '2017-03-26', '10:00:00', 3, 1, 52),
(7087, '2017-04-02', '10:00:00', 3, 1, 52),
(7088, '2017-04-09', '10:00:00', 3, 1, 52),
(7089, '2017-03-19', '13:00:00', 3, 1, 52),
(7090, '2017-03-26', '13:00:00', 3, 1, 52),
(7091, '2017-04-02', '13:00:00', 3, 1, 52),
(7092, '2017-04-09', '13:00:00', 3, 1, 52),
(7093, '2017-03-19', '16:00:00', 3, 1, 52),
(7094, '2017-03-26', '16:00:00', 3, 1, 52),
(7095, '2017-04-02', '16:00:00', 3, 1, 52),
(7096, '2017-04-09', '16:00:00', 3, 1, 52),
(7097, '2017-03-17', '16:00:00', 3, 1, 52),
(7098, '2017-03-24', '16:00:00', 3, 1, 52),
(7099, '2017-03-31', '16:00:00', 3, 1, 52),
(7100, '2017-04-07', '16:00:00', 3, 1, 52),
(7101, '2017-03-18', '10:00:00', 3, 1, 52),
(7102, '2017-03-25', '10:00:00', 3, 1, 52),
(7103, '2017-04-01', '10:00:00', 3, 1, 52),
(7104, '2017-04-08', '10:00:00', 3, 1, 52),
(7105, '2017-03-18', '13:00:00', 3, 1, 52),
(7106, '2017-03-25', '13:00:00', 3, 1, 52),
(7107, '2017-04-01', '13:00:00', 3, 1, 52),
(7108, '2017-04-08', '13:00:00', 3, 1, 52),
(7109, '2017-03-18', '16:00:00', 3, 1, 52),
(7110, '2017-03-25', '16:00:00', 3, 1, 52),
(7111, '2017-04-01', '16:00:00', 3, 1, 52),
(7112, '2017-04-08', '16:00:00', 3, 1, 52),
(7113, '2017-03-19', '10:00:00', 3, 1, 52),
(7114, '2017-03-26', '10:00:00', 3, 1, 52),
(7115, '2017-04-02', '10:00:00', 3, 1, 52),
(7116, '2017-04-09', '10:00:00', 3, 1, 52),
(7117, '2017-03-19', '13:00:00', 3, 1, 52),
(7118, '2017-03-26', '13:00:00', 3, 1, 52),
(7119, '2017-04-02', '13:00:00', 3, 1, 52),
(7120, '2017-04-09', '13:00:00', 3, 1, 52),
(7121, '2017-03-19', '16:00:00', 3, 1, 52),
(7122, '2017-03-26', '16:00:00', 3, 1, 52),
(7123, '2017-04-02', '16:00:00', 3, 1, 52),
(7124, '2017-04-09', '16:00:00', 3, 1, 52),
(7125, '2017-03-09', '15:00:00', 3, 1, 48),
(7126, '2017-03-10', '15:00:00', 3, 1, 48),
(7127, '2017-03-11', '15:00:00', 3, 1, 48),
(7128, '2017-03-10', '16:00:00', 3, 1, 51),
(7129, '2017-03-11', '08:00:00', 4, 1, 51),
(7130, '2017-03-12', '08:00:00', 4, 1, 51),
(7134, '2017-03-10', '14:00:00', 3, 2, 31),
(7135, '2017-03-12', '10:00:00', 3, 2, 22),
(7136, '2017-03-15', '16:00:00', 3, 1, 24),
(7137, '2017-03-16', '16:00:00', 3, 1, 24),
(7138, '2017-03-17', '16:00:00', 3, 1, 24),
(7139, '2017-03-17', '14:00:00', 3, 1, 28),
(7140, '2017-03-24', '14:00:00', 3, 1, 28),
(7141, '2017-03-31', '14:00:00', 3, 1, 28),
(7142, '2017-03-17', '14:00:00', 2, 2, 16),
(7143, '2017-03-24', '14:00:00', 2, 2, 16),
(7144, '2017-03-31', '14:00:00', 2, 2, 16),
(7145, '2017-04-07', '14:00:00', 2, 2, 16),
(7146, '2017-04-14', '14:00:00', 2, 2, 16),
(7147, '2017-04-21', '14:00:00', 2, 2, 16),
(7150, '2017-03-24', '14:00:00', 3, 7, 18),
(7181, '2017-07-03', '08:00:00', 5, 2, 52),
(7182, '2017-07-04', '08:00:00', 5, 2, 52),
(7183, '2017-07-05', '08:00:00', 5, 2, 52),
(7184, '2017-07-06', '08:00:00', 5, 2, 52),
(7185, '2017-07-07', '08:00:00', 5, 2, 52),
(7186, '2017-07-03', '13:00:00', 4, 2, 52),
(7187, '2017-07-04', '13:00:00', 4, 2, 52),
(7188, '2017-07-05', '13:00:00', 4, 2, 52),
(7189, '2017-07-06', '13:00:00', 4, 2, 52),
(7190, '2017-07-07', '13:00:00', 4, 2, 52),
(7191, '2017-07-10', '08:00:00', 5, 2, 52),
(7192, '2017-07-11', '08:00:00', 5, 2, 52),
(7193, '2017-07-12', '08:00:00', 5, 2, 52),
(7194, '2017-07-13', '08:00:00', 5, 2, 52),
(7195, '2017-07-14', '08:00:00', 5, 2, 52),
(7196, '2017-07-10', '13:00:00', 4, 2, 52),
(7197, '2017-07-11', '13:00:00', 4, 2, 52),
(7198, '2017-07-12', '13:00:00', 4, 2, 52),
(7199, '2017-07-13', '13:00:00', 4, 2, 52),
(7200, '2017-07-14', '13:00:00', 4, 2, 52),
(7201, '2017-07-17', '08:00:00', 5, 2, 52),
(7202, '2017-07-18', '08:00:00', 5, 2, 52),
(7203, '2017-07-19', '08:00:00', 5, 2, 52),
(7204, '2017-07-20', '08:00:00', 5, 2, 52),
(7205, '2017-07-21', '08:00:00', 5, 2, 52),
(7206, '2017-07-17', '13:00:00', 4, 2, 52),
(7207, '2017-07-18', '13:00:00', 4, 2, 52),
(7208, '2017-07-19', '13:00:00', 4, 2, 52),
(7209, '2017-07-20', '13:00:00', 4, 2, 52),
(7210, '2017-07-21', '13:00:00', 4, 2, 52),
(7211, '2017-04-01', '12:00:00', 3, 1, 44),
(7215, '2017-04-08', '09:30:00', 2, 2, 9),
(7216, '2017-04-01', '09:00:00', 3, 2, 31),
(7218, '2017-04-08', '15:00:00', 3, 2, 21),
(7219, '2017-04-09', '08:30:00', 2, 2, 21),
(7220, '2017-04-16', '08:30:00', 2, 2, 21),
(7221, '2017-04-23', '08:30:00', 2, 2, 21),
(7222, '2017-04-30', '08:30:00', 2, 2, 21),
(7223, '2017-05-07', '08:30:00', 2, 2, 21),
(7224, '2017-05-14', '08:30:00', 2, 2, 21),
(7225, '2017-05-21', '08:30:00', 2, 2, 21),
(7226, '2017-05-28', '08:30:00', 2, 2, 21),
(7227, '2017-06-04', '08:30:00', 2, 2, 21),
(7228, '2017-06-11', '08:30:00', 2, 2, 21),
(7229, '2017-06-18', '08:30:00', 2, 2, 21),
(7230, '2017-06-25', '08:30:00', 2, 2, 21),
(7231, '2017-07-02', '08:30:00', 2, 2, 21),
(7232, '2017-07-09', '08:30:00', 2, 2, 21),
(7233, '2017-07-16', '08:30:00', 2, 2, 21),
(7234, '2017-07-23', '08:30:00', 2, 2, 21),
(7235, '2017-07-30', '08:30:00', 2, 2, 21),
(7236, '2017-08-06', '08:30:00', 2, 2, 21),
(7237, '2017-08-13', '08:30:00', 2, 2, 21),
(7238, '2017-08-20', '08:30:00', 2, 2, 21),
(7241, '2017-04-29', '09:00:00', 3, 2, 2),
(7242, '2017-05-06', '09:00:00', 3, 2, 2),
(7243, '2017-05-13', '09:00:00', 3, 2, 2),
(7244, '2017-05-20', '09:00:00', 3, 2, 2),
(7245, '2017-05-27', '09:00:00', 3, 2, 2),
(7246, '2017-06-03', '09:00:00', 3, 2, 2),
(7247, '2017-06-10', '09:00:00', 3, 2, 2),
(7248, '2017-04-29', '12:00:00', 3, 2, 2),
(7249, '2017-05-06', '12:00:00', 3, 2, 2),
(7250, '2017-05-13', '12:00:00', 3, 2, 2),
(7251, '2017-05-20', '12:00:00', 3, 2, 2),
(7252, '2017-05-27', '12:00:00', 3, 2, 2),
(7253, '2017-06-03', '12:00:00', 3, 2, 2),
(7254, '2017-06-10', '12:00:00', 3, 2, 2),
(7255, '2017-04-29', '15:00:00', 3, 2, 2),
(7256, '2017-05-06', '15:00:00', 3, 2, 2),
(7257, '2017-05-13', '15:00:00', 3, 2, 2),
(7258, '2017-05-20', '15:00:00', 3, 2, 2),
(7259, '2017-05-27', '15:00:00', 3, 2, 2),
(7260, '2017-06-03', '15:00:00', 3, 2, 2),
(7261, '2017-06-10', '15:00:00', 3, 2, 2),
(7262, '2017-04-30', '09:00:00', 3, 2, 2),
(7263, '2017-05-07', '09:00:00', 3, 2, 2),
(7264, '2017-05-14', '09:00:00', 3, 2, 2),
(7265, '2017-05-21', '09:00:00', 3, 2, 2),
(7266, '2017-05-28', '09:00:00', 3, 2, 2),
(7267, '2017-06-04', '09:00:00', 3, 2, 2),
(7268, '2017-06-11', '09:00:00', 3, 2, 2),
(7269, '2017-04-30', '12:00:00', 3, 2, 2),
(7270, '2017-05-07', '12:00:00', 3, 2, 2),
(7271, '2017-05-14', '12:00:00', 3, 2, 2),
(7272, '2017-05-21', '12:00:00', 3, 2, 2),
(7273, '2017-05-28', '12:00:00', 3, 2, 2),
(7274, '2017-06-04', '12:00:00', 3, 2, 2),
(7275, '2017-06-11', '12:00:00', 3, 2, 2),
(7276, '2017-04-30', '15:00:00', 3, 2, 2),
(7277, '2017-05-07', '15:00:00', 3, 2, 2),
(7278, '2017-05-14', '15:00:00', 3, 2, 2),
(7279, '2017-05-21', '15:00:00', 3, 2, 2),
(7280, '2017-05-28', '15:00:00', 3, 2, 2),
(7281, '2017-06-04', '15:00:00', 3, 2, 2),
(7282, '2017-06-11', '15:00:00', 3, 2, 2),
(7283, '2017-04-08', '10:00:00', 3, 3, 57),
(7285, '2017-04-11', '14:00:00', 1, 14, 6),
(7286, '2017-06-19', '08:00:00', 3, 3, 44),
(7287, '2017-06-26', '08:00:00', 3, 3, 44),
(7288, '2017-07-03', '08:00:00', 3, 3, 44),
(7289, '2017-07-10', '08:00:00', 3, 3, 44),
(7290, '2017-07-17', '08:00:00', 3, 3, 44),
(7291, '2017-07-24', '08:00:00', 3, 3, 44),
(7292, '2017-07-31', '08:00:00', 3, 3, 44),
(7293, '2017-08-07', '08:00:00', 3, 3, 44),
(7295, '2017-08-21', '08:00:00', 3, 3, 44),
(7296, '2017-08-28', '08:00:00', 3, 3, 44),
(7299, '2017-04-12', '14:00:00', 3, 4, 35),
(7300, '2017-04-21', '16:00:00', 3, 1, 52),
(7301, '2017-04-28', '16:00:00', 3, 1, 52),
(7302, '2017-05-05', '16:00:00', 3, 1, 52),
(7303, '2017-05-12', '16:00:00', 3, 1, 52),
(7304, '2017-05-19', '16:00:00', 3, 1, 52),
(7305, '2017-05-26', '16:00:00', 3, 1, 52),
(7319, '2017-04-22', '10:00:00', 3, 1, 52),
(7320, '2017-04-29', '10:00:00', 3, 1, 52),
(7321, '2017-05-06', '10:00:00', 3, 1, 52),
(7322, '2017-05-13', '10:00:00', 3, 1, 52),
(7323, '2017-05-20', '10:00:00', 3, 1, 52),
(7324, '2017-05-27', '10:00:00', 3, 1, 52),
(7325, '2017-04-22', '13:00:00', 3, 1, 52),
(7326, '2017-04-29', '13:00:00', 3, 1, 52),
(7327, '2017-05-06', '13:00:00', 3, 1, 52),
(7328, '2017-05-13', '13:00:00', 3, 1, 52),
(7329, '2017-05-20', '13:00:00', 3, 1, 52),
(7330, '2017-05-27', '13:00:00', 3, 1, 52),
(7331, '2017-04-22', '16:00:00', 3, 1, 52),
(7332, '2017-04-29', '16:00:00', 3, 1, 52),
(7333, '2017-05-06', '16:00:00', 3, 1, 52),
(7334, '2017-05-13', '16:00:00', 3, 1, 52),
(7335, '2017-05-20', '16:00:00', 3, 1, 52),
(7336, '2017-05-27', '16:00:00', 3, 1, 52),
(7337, '2017-04-23', '10:00:00', 3, 1, 52),
(7338, '2017-04-30', '10:00:00', 3, 1, 52),
(7339, '2017-05-07', '10:00:00', 3, 1, 52),
(7340, '2017-05-14', '10:00:00', 3, 1, 52),
(7341, '2017-05-21', '10:00:00', 3, 1, 52),
(7342, '2017-05-28', '10:00:00', 3, 1, 52),
(7343, '2017-04-23', '13:00:00', 3, 1, 52),
(7344, '2017-04-30', '13:00:00', 3, 1, 52),
(7345, '2017-05-07', '13:00:00', 3, 1, 52),
(7346, '2017-05-14', '13:00:00', 3, 1, 52),
(7347, '2017-05-21', '13:00:00', 3, 1, 52),
(7348, '2017-05-28', '13:00:00', 3, 1, 52),
(7349, '2017-04-23', '16:00:00', 3, 1, 52),
(7350, '2017-04-30', '16:00:00', 3, 1, 52),
(7351, '2017-05-07', '16:00:00', 3, 1, 52),
(7352, '2017-05-14', '16:00:00', 3, 1, 52),
(7353, '2017-05-21', '16:00:00', 3, 1, 52),
(7354, '2017-05-28', '16:00:00', 3, 1, 52),
(7355, '2017-04-21', '16:00:00', 3, 1, 52),
(7356, '2017-04-28', '16:00:00', 3, 1, 52),
(7357, '2017-05-05', '16:00:00', 3, 1, 52),
(7358, '2017-05-12', '16:00:00', 3, 1, 52),
(7359, '2017-05-19', '16:00:00', 3, 1, 52),
(7360, '2017-05-26', '16:00:00', 3, 1, 52),
(7361, '2017-04-22', '10:00:00', 3, 1, 52),
(7362, '2017-04-29', '10:00:00', 3, 1, 52),
(7363, '2017-05-06', '10:00:00', 3, 1, 52),
(7364, '2017-05-13', '10:00:00', 3, 1, 52),
(7365, '2017-05-20', '10:00:00', 3, 1, 52),
(7366, '2017-05-27', '10:00:00', 3, 1, 52),
(7367, '2017-04-22', '13:00:00', 3, 1, 52),
(7368, '2017-04-29', '13:00:00', 3, 1, 52),
(7369, '2017-05-06', '13:00:00', 3, 1, 52),
(7370, '2017-05-13', '13:00:00', 3, 1, 52),
(7371, '2017-05-20', '13:00:00', 3, 1, 52),
(7372, '2017-05-27', '13:00:00', 3, 1, 52),
(7373, '2017-04-22', '16:00:00', 3, 1, 52),
(7374, '2017-04-29', '16:00:00', 3, 1, 52),
(7375, '2017-05-06', '16:00:00', 3, 1, 52),
(7376, '2017-05-13', '16:00:00', 3, 1, 52),
(7377, '2017-05-20', '16:00:00', 3, 1, 52),
(7378, '2017-05-27', '16:00:00', 3, 1, 52),
(7379, '2017-04-23', '10:00:00', 3, 1, 52),
(7380, '2017-04-30', '10:00:00', 3, 1, 52),
(7381, '2017-05-07', '10:00:00', 3, 1, 52),
(7382, '2017-05-14', '10:00:00', 3, 1, 52),
(7383, '2017-05-21', '10:00:00', 3, 1, 52),
(7384, '2017-05-28', '10:00:00', 3, 1, 52),
(7385, '2017-04-23', '13:00:00', 3, 1, 52),
(7386, '2017-04-30', '13:00:00', 3, 1, 52),
(7387, '2017-05-07', '13:00:00', 3, 1, 52),
(7388, '2017-05-14', '13:00:00', 3, 1, 52),
(7389, '2017-05-21', '13:00:00', 3, 1, 52),
(7390, '2017-05-28', '13:00:00', 3, 1, 52),
(7391, '2017-04-23', '16:00:00', 3, 1, 52),
(7392, '2017-04-30', '16:00:00', 3, 1, 52),
(7393, '2017-05-07', '16:00:00', 3, 1, 52),
(7394, '2017-05-14', '16:00:00', 3, 1, 52),
(7395, '2017-05-21', '16:00:00', 3, 1, 52),
(7396, '2017-05-28', '16:00:00', 3, 1, 52),
(7400, '2017-04-21', '19:00:00', 4, 1, 53),
(7401, '2017-04-22', '19:00:00', 4, 1, 53),
(7402, '2017-04-24', '17:00:00', 4, 1, 53),
(7403, '2017-04-24', '17:00:00', 3, 1, 24),
(7404, '2017-04-25', '17:00:00', 3, 1, 24),
(7405, '2017-04-24', '15:00:00', 3, 2, 31),
(7406, '2017-04-25', '15:00:00', 3, 2, 31),
(7407, '2017-04-26', '15:00:00', 3, 2, 31),
(7409, '2017-07-03', '10:00:00', 3, 1, 56),
(7410, '2017-07-04', '10:00:00', 3, 1, 56),
(7411, '2017-07-05', '10:00:00', 3, 1, 56),
(7412, '2017-07-06', '10:00:00', 3, 1, 56),
(7413, '2017-07-07', '10:00:00', 3, 1, 56),
(7414, '2017-04-29', '08:00:00', 5, 4, 31),
(7415, '2017-04-30', '08:00:00', 5, 4, 31),
(7417, '2017-04-29', '10:00:00', 3, 3, 24),
(7418, '2017-07-03', '08:00:00', 5, 2, 24),
(7419, '2017-07-04', '08:00:00', 5, 2, 24),
(7420, '2017-07-05', '08:00:00', 5, 2, 24),
(7421, '2017-07-06', '08:00:00', 5, 2, 24),
(7422, '2017-04-28', '14:00:00', 3, 1, 53),
(7423, '2017-05-01', '09:00:00', 3, 2, 2),
(7424, '2017-05-01', '12:00:00', 3, 2, 2),
(7425, '2017-05-01', '15:00:00', 3, 2, 2),
(7426, '2017-05-19', '15:00:00', 3, 10, 24),
(7428, '2017-05-20', '11:00:00', 3, 3, 12),
(7427, '2017-05-20', '08:30:00', 3, 3, 12),
(7433, '2017-05-05', '14:00:00', 1, 2, 16),
(7434, '2017-05-12', '14:00:00', 1, 2, 16),
(7435, '2017-05-19', '14:00:00', 1, 2, 16),
(7437, '2017-05-06', '10:00:00', 2, 3, 16),
(7440, '2017-05-12', '15:00:00', 3, 2, 58),
(7441, '2017-05-13', '15:00:00', 3, 2, 58),
(7442, '2017-05-14', '15:00:00', 3, 2, 58),
(7443, '2017-05-15', '15:00:00', 3, 2, 58),
(7444, '2017-05-16', '15:00:00', 3, 2, 58),
(7445, '2017-05-17', '15:00:00', 3, 2, 58),
(7446, '2017-05-18', '15:00:00', 3, 2, 58),
(7447, '2017-05-19', '15:00:00', 3, 2, 58),
(7448, '2017-05-20', '15:00:00', 3, 2, 58),
(7449, '2017-05-21', '15:00:00', 3, 2, 58),
(7450, '2017-05-12', '18:00:00', 2, 2, 58),
(7451, '2017-05-13', '18:00:00', 2, 2, 58),
(7452, '2017-05-14', '18:00:00', 2, 2, 58),
(7453, '2017-05-15', '18:00:00', 2, 2, 58),
(7454, '2017-05-16', '18:00:00', 2, 2, 58),
(7455, '2017-05-17', '18:00:00', 2, 2, 58),
(7456, '2017-05-18', '18:00:00', 2, 2, 58),
(7457, '2017-05-19', '18:00:00', 2, 2, 58),
(7458, '2017-05-20', '18:00:00', 2, 2, 58),
(7459, '2017-05-21', '18:00:00', 2, 2, 58),
(7460, '2017-05-21', '09:00:00', 3, 15, 20),
(7461, '2017-05-17', '14:30:00', 3, 6, 10),
(7462, '2017-05-17', '14:30:00', 2, 3, 10),
(7463, '2017-05-24', '14:30:00', 3, 3, 10),
(7464, '2017-07-10', '08:00:00', 3, 3, 50),
(7465, '2017-07-11', '08:00:00', 3, 3, 50),
(7466, '2017-07-12', '08:00:00', 3, 3, 50),
(7467, '2017-07-13', '08:00:00', 3, 3, 50),
(7468, '2017-07-14', '08:00:00', 3, 3, 50),
(7469, '2017-07-17', '08:00:00', 3, 3, 50),
(7470, '2017-07-18', '08:00:00', 3, 3, 50),
(7471, '2017-07-19', '08:00:00', 3, 3, 50),
(7472, '2017-07-20', '08:00:00', 3, 3, 50),
(7473, '2017-07-21', '08:00:00', 3, 3, 50),
(7474, '2017-07-03', '08:00:00', 3, 1, 50),
(7475, '2017-07-04', '08:00:00', 3, 1, 50),
(7476, '2017-07-05', '08:00:00', 3, 1, 50),
(7477, '2017-07-06', '08:00:00', 3, 1, 50),
(7478, '2017-07-07', '08:00:00', 3, 1, 50),
(7479, '2017-06-19', '07:30:00', 3, 3, 50),
(7480, '2017-06-20', '07:30:00', 3, 3, 50),
(7481, '2017-06-21', '07:30:00', 3, 3, 50),
(7482, '2017-06-23', '07:30:00', 3, 3, 50),
(7483, '2017-06-19', '10:30:00', 3, 3, 50),
(7484, '2017-06-20', '10:30:00', 3, 3, 50),
(7485, '2017-06-21', '10:30:00', 3, 3, 50),
(7486, '2017-06-23', '10:30:00', 3, 3, 50),
(7487, '2017-06-19', '13:30:00', 3, 3, 50),
(7488, '2017-06-20', '13:30:00', 3, 3, 50),
(7489, '2017-06-21', '13:30:00', 3, 3, 50),
(7490, '2017-06-23', '13:30:00', 3, 3, 50),
(7491, '2017-06-22', '08:30:00', 5, 2, 50),
(7493, '2017-06-03', '13:00:00', 4, 3, 23),
(7492, '2017-06-03', '08:00:00', 3, 6, 18),
(7495, '2017-06-03', '18:00:00', 3, 6, 18),
(7496, '2017-06-19', '10:00:00', 5, 4, 16),
(7497, '2017-06-20', '10:00:00', 5, 4, 16),
(7498, '2017-06-21', '10:00:00', 5, 4, 16),
(7499, '2017-06-22', '10:00:00', 5, 4, 16),
(7500, '2017-06-23', '10:00:00', 5, 4, 16),
(7501, '2017-06-26', '10:00:00', 5, 4, 16),
(7502, '2017-06-27', '10:00:00', 5, 4, 16),
(7503, '2017-06-28', '10:00:00', 5, 4, 16),
(7504, '2017-06-29', '10:00:00', 5, 4, 16),
(7505, '2017-06-30', '10:00:00', 5, 4, 16),
(7506, '2017-07-03', '10:00:00', 5, 4, 16),
(7507, '2017-07-04', '10:00:00', 5, 4, 16),
(7508, '2017-07-05', '10:00:00', 5, 4, 16),
(7509, '2017-07-06', '10:00:00', 5, 4, 16),
(7510, '2017-07-07', '10:00:00', 5, 4, 16),
(7511, '2017-07-10', '10:00:00', 5, 4, 16),
(7512, '2017-07-11', '10:00:00', 5, 4, 16),
(7513, '2017-07-12', '10:00:00', 5, 4, 16),
(7514, '2017-07-13', '10:00:00', 5, 4, 16),
(7515, '2017-07-14', '10:00:00', 5, 4, 16),
(7516, '2017-07-17', '10:00:00', 5, 4, 16),
(7517, '2017-07-18', '10:00:00', 5, 4, 16),
(7518, '2017-07-19', '10:00:00', 5, 4, 16),
(7519, '2017-07-20', '10:00:00', 5, 4, 16),
(7520, '2017-07-21', '10:00:00', 5, 4, 16),
(7521, '2017-07-24', '10:00:00', 5, 4, 16),
(7522, '2017-07-25', '10:00:00', 5, 4, 16),
(7523, '2017-07-26', '10:00:00', 5, 4, 16),
(7524, '2017-07-27', '10:00:00', 5, 4, 16),
(7525, '2017-07-28', '10:00:00', 5, 4, 16),
(7526, '2017-07-31', '10:00:00', 5, 4, 16),
(7527, '2017-08-01', '10:00:00', 5, 4, 16),
(7528, '2017-08-02', '10:00:00', 5, 4, 16),
(7529, '2017-08-03', '10:00:00', 5, 4, 16),
(7530, '2017-08-04', '10:00:00', 5, 4, 16),
(7531, '2017-08-07', '10:00:00', 5, 4, 16),
(7532, '2017-08-08', '10:00:00', 5, 4, 16),
(7533, '2017-08-09', '10:00:00', 5, 4, 16),
(7534, '2017-08-10', '10:00:00', 5, 4, 16),
(7535, '2017-08-11', '10:00:00', 5, 4, 16),
(7536, '2017-08-14', '10:00:00', 5, 4, 16),
(7537, '2017-08-15', '10:00:00', 5, 4, 16),
(7538, '2017-08-16', '10:00:00', 5, 4, 16),
(7539, '2017-08-17', '10:00:00', 5, 4, 16),
(7540, '2017-08-18', '10:00:00', 5, 4, 16),
(7541, '2017-08-21', '10:00:00', 5, 4, 16),
(7542, '2017-08-22', '10:00:00', 5, 4, 16),
(7543, '2017-08-23', '10:00:00', 5, 4, 16),
(7544, '2017-08-24', '10:00:00', 5, 4, 16),
(7545, '2017-08-25', '10:00:00', 5, 4, 16),
(7546, '2017-05-26', '08:00:00', 3, 1, 16),
(7547, '2017-05-27', '08:00:00', 3, 1, 16),
(7548, '2017-05-28', '08:00:00', 3, 1, 16),
(7549, '2017-05-19', '08:00:00', 3, 2, 24),
(7550, '2017-05-20', '08:00:00', 3, 2, 24),
(7551, '2017-05-21', '08:00:00', 3, 2, 24),
(7552, '2017-05-22', '08:00:00', 3, 2, 24),
(7429, '2017-05-20', '14:00:00', 3, 5, 12),
(7177, '2017-06-28', '08:00:00', 4, 4, 7),
(7180, '2017-06-28', '12:00:00', 4, 4, 7),
(7176, '2017-06-27', '08:00:00', 4, 4, 7),
(7179, '2017-06-27', '12:00:00', 4, 4, 7),
(7175, '2017-06-26', '08:00:00', 4, 4, 7),
(7178, '2017-06-26', '12:00:00', 4, 4, 7),
(7159, '2017-06-25', '08:00:00', 4, 15, 19),
(7162, '2017-06-25', '12:00:00', 4, 15, 55),
(7165, '2017-06-25', '16:00:00', 4, 15, 55),
(7168, '2017-06-25', '08:00:00', 4, 6, 38),
(7171, '2017-06-25', '12:00:00', 4, 6, 38),
(7174, '2017-06-25', '16:00:00', 4, 6, 38),
(7158, '2017-06-24', '08:00:00', 4, 15, 19),
(7161, '2017-06-24', '12:00:00', 4, 15, 55),
(7164, '2017-06-24', '16:00:00', 4, 15, 55),
(7569, '2017-05-22', '19:00:00', 3, 2, 53),
(7570, '2017-05-23', '19:00:00', 3, 2, 53),
(7167, '2017-06-24', '08:00:00', 4, 6, 38),
(7170, '2017-06-24', '12:00:00', 4, 6, 38),
(7173, '2017-06-24', '16:00:00', 4, 6, 38),
(7157, '2017-06-23', '08:00:00', 4, 15, 19),
(7160, '2017-06-23', '12:00:00', 4, 15, 55),
(7163, '2017-06-23', '16:00:00', 4, 15, 55),
(7166, '2017-06-23', '08:00:00', 4, 6, 38),
(7169, '2017-06-23', '12:00:00', 4, 6, 38),
(7172, '2017-06-23', '16:00:00', 4, 6, 38),
(7153, '2017-06-22', '08:00:00', 5, 8, 55),
(7156, '2017-06-22', '13:00:00', 4, 8, 55),
(7152, '2017-06-21', '08:00:00', 5, 8, 55),
(7155, '2017-06-21', '13:00:00', 4, 8, 55),
(7151, '2017-06-20', '08:00:00', 5, 8, 55),
(7154, '2017-06-20', '13:00:00', 4, 8, 55),
(7586, '2017-07-03', '08:00:00', 5, 10, 44),
(7587, '2017-07-04', '08:00:00', 5, 10, 44),
(7588, '2017-07-05', '08:00:00', 5, 10, 44),
(7589, '2017-07-06', '08:00:00', 5, 10, 44),
(7590, '2017-07-07', '08:00:00', 5, 10, 44),
(7591, '2017-07-10', '08:00:00', 5, 10, 44),
(7592, '2017-07-11', '08:00:00', 5, 10, 44),
(7593, '2017-07-12', '08:00:00', 5, 10, 44),
(7594, '2017-07-13', '08:00:00', 5, 10, 44),
(7595, '2017-07-14', '08:00:00', 5, 10, 44),
(7596, '2017-05-24', '15:00:00', 3, 1, 18),
(7597, '2017-05-25', '15:00:00', 3, 1, 18),
(7598, '2017-07-03', '08:00:00', 4, 1, 50),
(7599, '2017-07-04', '08:00:00', 4, 1, 50),
(7600, '2017-07-05', '08:00:00', 4, 1, 50),
(7601, '2017-07-06', '08:00:00', 4, 1, 50),
(7602, '2017-07-07', '08:00:00', 4, 1, 50),
(7603, '2017-05-25', '15:00:00', 3, 1, 20),
(7604, '2017-05-25', '15:00:00', 3, 4, 24),
(7605, '2017-05-26', '15:00:00', 3, 4, 24),
(7606, '2017-05-26', '15:00:00', 3, 4, 24),
(7607, '2017-06-01', '10:00:00', 3, 20, 46),
(7608, '2017-06-08', '10:00:00', 3, 20, 46),
(7609, '2017-06-15', '10:00:00', 3, 20, 46),
(7610, '2017-06-22', '10:00:00', 3, 20, 46),
(7611, '2017-06-29', '10:00:00', 3, 20, 46),
(7612, '2017-06-02', '16:00:00', 3, 1, 52),
(7613, '2017-06-09', '16:00:00', 3, 1, 52),
(7614, '2017-06-16', '16:00:00', 3, 1, 52),
(7615, '2017-06-23', '16:00:00', 3, 1, 52),
(7616, '2017-06-30', '16:00:00', 3, 1, 52),
(7617, '2017-06-03', '10:00:00', 3, 1, 52),
(7618, '2017-06-10', '10:00:00', 3, 1, 52),
(7619, '2017-06-17', '10:00:00', 3, 1, 52),
(7620, '2017-06-24', '10:00:00', 3, 1, 52),
(7621, '2017-07-01', '10:00:00', 3, 1, 52),
(7622, '2017-06-03', '13:00:00', 3, 1, 52),
(7623, '2017-06-10', '13:00:00', 3, 1, 52),
(7624, '2017-06-17', '13:00:00', 3, 1, 52),
(7625, '2017-06-24', '13:00:00', 3, 1, 52),
(7626, '2017-07-01', '13:00:00', 3, 1, 52),
(7627, '2017-06-03', '16:00:00', 3, 1, 52),
(7628, '2017-06-10', '16:00:00', 3, 1, 52),
(7629, '2017-06-17', '16:00:00', 3, 1, 52),
(7630, '2017-06-24', '16:00:00', 3, 1, 52),
(7631, '2017-07-01', '16:00:00', 3, 1, 52),
(7632, '2017-06-11', '10:00:00', 3, 1, 52),
(7633, '2017-06-18', '10:00:00', 3, 1, 52),
(7634, '2017-06-25', '10:00:00', 3, 1, 52),
(7635, '2017-07-02', '10:00:00', 3, 1, 52),
(7636, '2017-06-11', '13:00:00', 2, 1, 52),
(7637, '2017-06-18', '13:00:00', 2, 1, 52),
(7638, '2017-06-25', '13:00:00', 2, 1, 52),
(7639, '2017-07-02', '13:00:00', 2, 1, 52),
(7640, '2017-06-11', '16:00:00', 3, 1, 52),
(7641, '2017-06-18', '16:00:00', 3, 1, 52),
(7642, '2017-06-25', '16:00:00', 3, 1, 52),
(7643, '2017-07-02', '16:00:00', 3, 1, 52),
(7644, '2017-06-02', '16:00:00', 3, 1, 52),
(7645, '2017-06-09', '16:00:00', 3, 1, 52),
(7646, '2017-06-16', '16:00:00', 3, 1, 52),
(7647, '2017-06-23', '16:00:00', 3, 1, 52),
(7648, '2017-06-30', '16:00:00', 3, 1, 52),
(7649, '2017-06-03', '10:00:00', 3, 1, 52),
(7650, '2017-06-10', '10:00:00', 3, 1, 52),
(7651, '2017-06-17', '10:00:00', 3, 1, 52),
(7652, '2017-06-24', '10:00:00', 3, 1, 52),
(7653, '2017-07-01', '10:00:00', 3, 1, 52),
(7654, '2017-06-03', '13:00:00', 3, 1, 52),
(7655, '2017-06-10', '13:00:00', 3, 1, 52),
(7656, '2017-06-17', '13:00:00', 3, 1, 52),
(7657, '2017-06-24', '13:00:00', 3, 1, 52),
(7658, '2017-07-01', '13:00:00', 3, 1, 52),
(7659, '2017-06-03', '16:00:00', 3, 1, 52),
(7660, '2017-06-10', '16:00:00', 3, 1, 52),
(7661, '2017-06-17', '16:00:00', 3, 1, 52),
(7662, '2017-06-24', '16:00:00', 3, 1, 52),
(7663, '2017-07-01', '16:00:00', 3, 1, 52),
(7664, '2017-06-11', '10:00:00', 3, 1, 52),
(7665, '2017-06-18', '10:00:00', 3, 1, 52),
(7666, '2017-06-25', '10:00:00', 3, 1, 52),
(7667, '2017-07-02', '10:00:00', 3, 1, 52),
(7668, '2017-06-11', '13:00:00', 3, 1, 52),
(7669, '2017-06-18', '13:00:00', 3, 1, 52),
(7670, '2017-06-25', '13:00:00', 3, 1, 52),
(7671, '2017-07-02', '13:00:00', 3, 1, 52),
(7672, '2017-06-11', '16:00:00', 3, 1, 52),
(7673, '2017-06-18', '16:00:00', 3, 1, 52),
(7674, '2017-06-25', '16:00:00', 3, 1, 52),
(7675, '2017-07-02', '16:00:00', 3, 1, 52),
(7676, '2017-05-29', '16:00:00', 3, 1, 17),
(7677, '2017-06-12', '08:00:00', 3, 1, 50),
(7678, '2017-06-19', '08:00:00', 3, 1, 50),
(7680, '2017-07-03', '08:00:00', 3, 1, 50),
(7681, '2017-07-10', '08:00:00', 3, 1, 50),
(7682, '2017-07-17', '08:00:00', 3, 1, 50),
(7683, '2017-07-24', '08:00:00', 3, 1, 50),
(7684, '2017-06-03', '08:00:00', 5, 2, 39),
(7685, '2017-06-10', '08:00:00', 5, 2, 39),
(7686, '2017-06-17', '08:00:00', 5, 2, 39),
(7687, '2017-06-24', '08:00:00', 5, 2, 39),
(7688, '2017-07-01', '08:00:00', 5, 2, 39),
(7689, '2017-07-08', '08:00:00', 5, 2, 39),
(7690, '2017-07-15', '08:00:00', 5, 2, 39),
(7691, '2017-07-22', '08:00:00', 5, 2, 39),
(7692, '2017-05-31', '13:15:00', 1, 4, 6),
(7694, '2017-07-24', '08:00:00', 5, 1, 50),
(7695, '2017-07-25', '08:00:00', 5, 1, 50),
(7696, '2017-07-26', '08:00:00', 5, 1, 50),
(7697, '2017-07-27', '08:00:00', 5, 1, 50),
(7698, '2017-07-28', '08:00:00', 5, 1, 50),
(7699, '2017-06-03', '08:00:00', 3, 1, 44),
(7700, '2017-06-04', '08:00:00', 3, 1, 44),
(7701, '2017-06-03', '15:00:00', 3, 1, 16),
(7703, '2017-06-04', '10:00:00', 3, 2, 24);
INSERT INTO `munka` (`id`, `datum`, `kezdes`, `hossz`, `maxletszam`, `tevekenysegid`) VALUES
(7702, '2017-06-03', '10:00:00', 3, 2, 24),
(7706, '2017-07-03', '08:00:00', 5, 5, 9),
(7707, '2017-07-06', '08:00:00', 5, 20, 9),
(7708, '2017-07-06', '08:00:00', 5, 20, 9),
(7709, '2017-06-10', '09:00:00', 3, 10, 15),
(7713, '2017-06-16', '08:00:00', 4, 2, 24),
(7714, '2017-06-23', '08:00:00', 4, 2, 24),
(7715, '2017-06-19', '08:00:00', 4, 2, 24),
(7716, '2017-06-20', '08:00:00', 4, 2, 24),
(7717, '2017-06-21', '08:00:00', 4, 2, 24),
(7718, '2017-06-22', '08:00:00', 4, 2, 24),
(7719, '2017-06-09', '08:00:00', 3, 2, 8),
(7720, '2017-06-10', '08:00:00', 3, 2, 8),
(7721, '2017-06-20', '08:00:00', 3, 1, 50),
(7722, '2017-07-19', '08:00:00', 3, 1, 50),
(7723, '2017-07-25', '08:00:00', 3, 1, 50),
(7724, '2017-07-28', '08:00:00', 3, 1, 50),
(7725, '2017-06-19', '08:00:00', 5, 1, 49),
(7726, '2017-06-20', '08:00:00', 5, 1, 49),
(7727, '2017-06-21', '08:00:00', 5, 1, 49),
(7728, '2017-06-22', '08:00:00', 5, 1, 49),
(7729, '2017-06-23', '08:00:00', 5, 1, 49),
(7730, '2017-06-26', '08:00:00', 5, 1, 49),
(7731, '2017-06-27', '08:00:00', 5, 1, 49),
(7732, '2017-06-28', '08:00:00', 5, 1, 49),
(7733, '2017-06-29', '08:00:00', 5, 1, 49),
(7734, '2017-06-30', '08:00:00', 5, 1, 49),
(7735, '2017-06-19', '08:00:00', 3, 1, 36),
(7736, '2017-06-20', '08:00:00', 3, 1, 36),
(7737, '2017-06-21', '08:00:00', 3, 1, 36),
(7738, '2017-06-29', '08:00:00', 3, 1, 36),
(7739, '2017-06-30', '08:00:00', 3, 1, 36),
(7740, '2017-07-01', '08:00:00', 3, 1, 36),
(7741, '2017-07-02', '08:00:00', 3, 1, 36),
(7743, '2017-06-19', '08:00:00', 2, 1, 50),
(7744, '2017-06-20', '08:00:00', 2, 1, 50),
(7745, '2017-06-21', '08:00:00', 2, 1, 50),
(7746, '2017-06-22', '08:00:00', 2, 1, 50),
(7747, '2017-06-23', '08:00:00', 2, 1, 50),
(7748, '2017-06-26', '08:00:00', 5, 1, 44),
(7749, '2017-06-27', '08:00:00', 5, 1, 44),
(7750, '2017-06-28', '08:00:00', 5, 1, 44),
(7751, '2017-06-29', '08:00:00', 5, 1, 44),
(7752, '2017-06-30', '08:00:00', 5, 1, 44),
(7753, '2017-06-19', '08:00:00', 5, 2, 52),
(7754, '2017-06-20', '08:00:00', 5, 2, 52),
(7755, '2017-06-21', '08:00:00', 5, 2, 52),
(7756, '2017-06-22', '08:00:00', 5, 2, 52),
(7757, '2017-06-23', '08:00:00', 5, 2, 52),
(7758, '2017-06-09', '16:00:00', 3, 1, 47),
(7770, '2017-06-19', '08:00:00', 5, 1, 50),
(7771, '2017-06-20', '08:00:00', 5, 1, 50),
(7772, '2017-06-21', '08:00:00', 5, 1, 50),
(7773, '2017-06-22', '08:00:00', 5, 1, 50),
(7774, '2017-06-23', '08:00:00', 5, 1, 50),
(7780, '2017-06-18', '10:00:00', 5, 1, 17),
(7764, '2017-06-18', '12:00:00', 5, 3, 18),
(7782, '2017-06-19', '08:00:00', 4, 2, 50),
(7787, '2017-06-26', '08:00:00', 4, 2, 50),
(7788, '2017-06-27', '08:00:00', 4, 2, 50),
(7789, '2017-06-28', '08:00:00', 4, 2, 50),
(7790, '2017-06-29', '08:00:00', 4, 2, 50),
(7791, '2017-06-30', '08:00:00', 4, 2, 50),
(7783, '2017-06-20', '08:00:00', 4, 2, 50),
(7784, '2017-06-21', '08:00:00', 4, 2, 50),
(7785, '2017-06-22', '08:00:00', 4, 2, 50),
(7786, '2017-06-23', '08:00:00', 4, 2, 50),
(7801, '2017-07-05', '08:00:00', 3, 2, 18),
(7802, '2017-07-06', '08:00:00', 3, 2, 18),
(7803, '2017-07-07', '08:00:00', 3, 2, 18),
(7759, '2017-06-26', '08:00:00', 5, 3, 50),
(7760, '2017-06-27', '08:00:00', 5, 3, 50),
(7761, '2017-06-28', '08:00:00', 5, 3, 50),
(7762, '2017-06-29', '08:00:00', 5, 3, 50),
(7763, '2017-06-30', '08:00:00', 5, 3, 50),
(7765, '2017-06-19', '08:00:00', 5, 2, 50),
(7766, '2017-06-20', '08:00:00', 5, 2, 50),
(7767, '2017-06-21', '08:00:00', 5, 2, 50),
(7768, '2017-06-22', '08:00:00', 5, 2, 50),
(7769, '2017-06-23', '08:00:00', 5, 2, 50),
(7797, '2017-07-10', '08:00:00', 3, 5, 18),
(7798, '2017-07-11', '08:00:00', 3, 5, 18),
(7799, '2017-07-12', '08:00:00', 3, 5, 18),
(7800, '2017-07-13', '08:00:00', 3, 5, 18),
(7824, '2017-06-18', '09:00:00', 5, 2, 20),
(7826, '2017-06-24', '08:00:00', 5, 2, 8),
(7828, '2017-07-06', '08:00:00', 4, 8, 14),
(7829, '2017-07-07', '08:00:00', 4, 8, 14),
(7834, '2017-07-14', '08:00:00', 4, 10, 26),
(7833, '2017-07-13', '08:00:00', 4, 10, 26),
(7832, '2017-07-12', '08:00:00', 4, 10, 26),
(7831, '2017-07-11', '08:00:00', 4, 10, 26),
(7830, '2017-07-10', '08:00:00', 4, 10, 26),
(7846, '2017-06-26', '10:00:00', 3, 4, 25),
(7848, '2017-06-28', '08:00:00', 4, 2, 52),
(7851, '2017-06-29', '10:00:00', 5, 2, 53),
(7852, '2017-06-30', '10:00:00', 5, 2, 53),
(7857, '2017-07-06', '10:00:00', 3, 1, 52),
(7858, '2017-07-13', '10:00:00', 3, 1, 52),
(7859, '2017-07-20', '10:00:00', 3, 1, 52),
(7860, '2017-07-27', '10:00:00', 3, 1, 52),
(7861, '2017-07-06', '13:00:00', 3, 1, 52),
(7862, '2017-07-13', '13:00:00', 3, 1, 52),
(7863, '2017-07-20', '13:00:00', 3, 1, 52),
(7864, '2017-07-27', '13:00:00', 3, 1, 52),
(7865, '2017-07-06', '16:00:00', 3, 1, 52),
(7866, '2017-07-13', '16:00:00', 3, 1, 52),
(7867, '2017-07-20', '16:00:00', 3, 1, 52),
(7868, '2017-07-27', '16:00:00', 3, 1, 52),
(7869, '2017-07-07', '10:00:00', 3, 1, 52),
(7870, '2017-07-14', '10:00:00', 3, 1, 52),
(7871, '2017-07-21', '10:00:00', 3, 1, 52),
(7872, '2017-07-28', '10:00:00', 3, 1, 52),
(7873, '2017-07-07', '13:00:00', 3, 1, 52),
(7874, '2017-07-14', '13:00:00', 3, 1, 52),
(7875, '2017-07-21', '13:00:00', 3, 1, 52),
(7876, '2017-07-28', '13:00:00', 3, 1, 52),
(7877, '2017-07-07', '16:00:00', 3, 1, 52),
(7878, '2017-07-14', '16:00:00', 3, 1, 52),
(7879, '2017-07-21', '16:00:00', 3, 1, 52),
(7880, '2017-07-28', '16:00:00', 3, 1, 52),
(7881, '2017-07-08', '10:00:00', 3, 1, 52),
(7882, '2017-07-15', '10:00:00', 3, 1, 52),
(7883, '2017-07-22', '10:00:00', 3, 1, 52),
(7884, '2017-07-29', '10:00:00', 3, 1, 52),
(7885, '2017-07-08', '13:00:00', 3, 1, 52),
(7886, '2017-07-15', '13:00:00', 3, 1, 52),
(7887, '2017-07-22', '13:00:00', 3, 1, 52),
(7888, '2017-07-29', '13:00:00', 3, 1, 52),
(7890, '2017-07-08', '16:00:00', 3, 1, 52),
(7891, '2017-07-15', '16:00:00', 3, 1, 52),
(7892, '2017-07-22', '16:00:00', 3, 1, 52),
(7893, '2017-07-29', '16:00:00', 3, 1, 52),
(7894, '2017-07-06', '10:00:00', 3, 1, 52),
(7895, '2017-07-13', '10:00:00', 3, 1, 52),
(7896, '2017-07-20', '10:00:00', 3, 1, 52),
(7897, '2017-07-27', '10:00:00', 3, 1, 52),
(7898, '2017-07-06', '13:00:00', 3, 1, 52),
(7899, '2017-07-13', '13:00:00', 3, 1, 52),
(7900, '2017-07-20', '13:00:00', 3, 1, 52),
(7901, '2017-07-27', '13:00:00', 3, 1, 52),
(7902, '2017-07-06', '16:00:00', 3, 1, 52),
(7903, '2017-07-13', '16:00:00', 3, 1, 52),
(7904, '2017-07-20', '16:00:00', 3, 1, 52),
(7905, '2017-07-27', '16:00:00', 3, 1, 52),
(7906, '2017-07-07', '10:00:00', 3, 1, 52),
(7907, '2017-07-14', '10:00:00', 3, 1, 52),
(7908, '2017-07-21', '10:00:00', 3, 1, 52),
(7909, '2017-07-28', '10:00:00', 3, 1, 52),
(7910, '2017-07-07', '13:00:00', 3, 1, 52),
(7911, '2017-07-14', '13:00:00', 3, 1, 52),
(7912, '2017-07-21', '13:00:00', 3, 1, 52),
(7913, '2017-07-28', '13:00:00', 3, 1, 52),
(7914, '2017-07-07', '16:00:00', 3, 1, 52),
(7915, '2017-07-14', '16:00:00', 3, 1, 52),
(7916, '2017-07-21', '16:00:00', 3, 1, 52),
(7917, '2017-07-28', '16:00:00', 3, 1, 52),
(7918, '2017-07-08', '10:00:00', 3, 1, 52),
(7919, '2017-07-15', '10:00:00', 3, 1, 52),
(7920, '2017-07-22', '10:00:00', 3, 1, 52),
(7921, '2017-07-29', '10:00:00', 3, 1, 52),
(7922, '2017-07-08', '13:00:00', 3, 1, 52),
(7923, '2017-07-15', '13:00:00', 3, 1, 52),
(7924, '2017-07-22', '13:00:00', 3, 1, 52),
(7925, '2017-07-29', '13:00:00', 3, 1, 52),
(7926, '2017-07-08', '16:00:00', 3, 1, 52),
(7927, '2017-07-15', '16:00:00', 3, 1, 52),
(7928, '2017-07-22', '16:00:00', 3, 1, 52),
(7929, '2017-07-29', '16:00:00', 3, 1, 52),
(7931, '2017-08-23', '09:00:00', 3, 5, 25),
(7932, '2017-08-24', '09:00:00', 3, 5, 25),
(7933, '2017-08-28', '09:00:00', 3, 5, 25),
(7940, '2017-07-18', '08:00:00', 4, 1, 43),
(7941, '2017-07-22', '08:00:00', 4, 1, 43),
(7942, '2017-08-18', '08:00:00', 4, 1, 43),
(7943, '2017-08-21', '08:00:00', 4, 1, 43),
(7944, '2017-08-28', '08:00:00', 4, 1, 43),
(7945, '2017-08-29', '08:00:00', 4, 1, 43),
(7946, '2017-08-30', '08:00:00', 4, 1, 43),
(7947, '2017-08-31', '08:00:00', 4, 1, 43),
(7948, '2017-07-25', '08:00:00', 3, 1, 18),
(7949, '2017-08-03', '10:00:00', 3, 1, 52),
(7950, '2017-08-10', '10:00:00', 3, 1, 52),
(7951, '2017-08-17', '10:00:00', 3, 1, 52),
(7952, '2017-08-24', '10:00:00', 3, 1, 52),
(7953, '2017-08-31', '10:00:00', 3, 1, 52),
(7954, '2017-08-03', '13:00:00', 3, 1, 52),
(7955, '2017-08-10', '13:00:00', 3, 1, 52),
(7956, '2017-08-17', '13:00:00', 3, 1, 52),
(7957, '2017-08-24', '13:00:00', 3, 1, 52),
(7958, '2017-08-31', '13:00:00', 3, 1, 52),
(7959, '2017-08-03', '16:00:00', 3, 1, 52),
(7960, '2017-08-10', '16:00:00', 3, 1, 52),
(7961, '2017-08-17', '16:00:00', 3, 1, 52),
(7962, '2017-08-24', '16:00:00', 3, 1, 52),
(7963, '2017-08-31', '16:00:00', 3, 1, 52),
(7964, '2017-08-03', '10:00:00', 3, 1, 52),
(7965, '2017-08-10', '10:00:00', 3, 1, 52),
(7966, '2017-08-17', '10:00:00', 3, 1, 52),
(7967, '2017-08-24', '10:00:00', 3, 1, 52),
(7968, '2017-08-31', '10:00:00', 3, 1, 52),
(7969, '2017-08-03', '13:00:00', 3, 1, 52),
(7970, '2017-08-10', '13:00:00', 3, 1, 52),
(7971, '2017-08-17', '13:00:00', 3, 1, 52),
(7972, '2017-08-24', '13:00:00', 3, 1, 52),
(7973, '2017-08-31', '13:00:00', 3, 1, 52),
(7974, '2017-08-03', '16:00:00', 3, 1, 52),
(7975, '2017-08-10', '16:00:00', 3, 1, 52),
(7976, '2017-08-17', '16:00:00', 3, 1, 52),
(7977, '2017-08-24', '16:00:00', 3, 1, 52),
(7978, '2017-08-31', '16:00:00', 3, 1, 52),
(7979, '2017-08-04', '10:00:00', 3, 1, 52),
(7980, '2017-08-11', '10:00:00', 3, 1, 52),
(7981, '2017-08-18', '10:00:00', 3, 1, 52),
(7982, '2017-08-25', '10:00:00', 3, 1, 52),
(7983, '2017-08-04', '13:00:00', 3, 1, 52),
(7984, '2017-08-11', '13:00:00', 3, 1, 52),
(7985, '2017-08-18', '13:00:00', 3, 1, 52),
(7986, '2017-08-25', '13:00:00', 3, 1, 52),
(7987, '2017-08-04', '16:00:00', 3, 1, 52),
(7988, '2017-08-11', '16:00:00', 3, 1, 52),
(7989, '2017-08-18', '16:00:00', 3, 1, 52),
(7990, '2017-08-25', '16:00:00', 3, 1, 52),
(7991, '2017-08-05', '10:00:00', 3, 1, 52),
(7992, '2017-08-12', '10:00:00', 3, 1, 52),
(7993, '2017-08-19', '10:00:00', 3, 1, 52),
(7994, '2017-08-26', '10:00:00', 3, 1, 52),
(7995, '2017-08-05', '13:00:00', 3, 1, 52),
(7996, '2017-08-12', '13:00:00', 3, 1, 52),
(7997, '2017-08-19', '13:00:00', 3, 1, 52),
(7998, '2017-08-26', '13:00:00', 3, 1, 52),
(7999, '2017-08-05', '16:00:00', 3, 1, 52),
(8000, '2017-08-12', '16:00:00', 3, 1, 52),
(8001, '2017-08-19', '16:00:00', 3, 1, 52),
(8002, '2017-08-26', '16:00:00', 3, 1, 52),
(8003, '2017-08-04', '10:00:00', 3, 1, 52),
(8004, '2017-08-11', '10:00:00', 3, 1, 52),
(8005, '2017-08-18', '10:00:00', 3, 1, 52),
(8006, '2017-08-25', '10:00:00', 3, 1, 52),
(8007, '2017-08-04', '13:00:00', 3, 1, 52),
(8008, '2017-08-11', '13:00:00', 3, 1, 52),
(8009, '2017-08-18', '13:00:00', 3, 1, 52),
(8010, '2017-08-25', '13:00:00', 3, 1, 52),
(8011, '2017-08-04', '16:00:00', 3, 1, 52),
(8012, '2017-08-11', '16:00:00', 3, 1, 52),
(8013, '2017-08-18', '16:00:00', 3, 1, 52),
(8014, '2017-08-25', '16:00:00', 3, 1, 52),
(8015, '2017-08-05', '10:00:00', 3, 1, 52),
(8016, '2017-08-12', '10:00:00', 3, 1, 52),
(8017, '2017-08-19', '10:00:00', 3, 1, 52),
(8018, '2017-08-26', '10:00:00', 3, 1, 52),
(8019, '2017-08-05', '13:00:00', 3, 1, 52),
(8020, '2017-08-12', '13:00:00', 3, 1, 52),
(8021, '2017-08-19', '13:00:00', 3, 1, 52),
(8022, '2017-08-26', '13:00:00', 3, 1, 52),
(8023, '2017-08-05', '16:00:00', 3, 1, 52),
(8024, '2017-08-12', '16:00:00', 3, 1, 52),
(8025, '2017-08-19', '16:00:00', 3, 1, 52),
(8026, '2017-08-26', '16:00:00', 3, 1, 52),
(8029, '2017-08-24', '08:00:00', 4, 1, 43),
(8030, '2017-08-23', '08:00:00', 4, 1, 43),
(8031, '2017-08-25', '08:00:00', 4, 1, 43),
(8034, '2017-08-29', '08:00:00', 4, 4, 25),
(8033, '2017-08-24', '08:00:00', 4, 4, 25),
(8038, '2017-08-28', '10:00:00', 3, 3, 13),
(8039, '2017-08-29', '10:00:00', 3, 3, 13),
(8040, '2017-08-30', '10:00:00', 3, 3, 13);

-- --------------------------------------------------------

--
-- Tábla szerkezet ehhez a táblához `tevekenyseg`
--

CREATE TABLE `tevekenyseg` (
  `id` int(2) DEFAULT NULL,
  `nev` varchar(35) DEFAULT NULL,
  `iskolai` int(2) DEFAULT NULL
) ENGINE=InnoDB DEFAULT CHARSET=utf8 COLLATE=utf8_general_ci;

--
-- A tábla adatainak kiíratása `tevekenyseg`
--

INSERT INTO `tevekenyseg` (`id`, `nev`, `iskolai`) VALUES
(58, 'adománygyűjtés', 0),
(40, 'ajándékcsomagolás', 0),
(39, 'állatgondozás', 0),
(21, 'óvodai munka', 0),
(43, 'betegirányítás', 0),
(4, 'delegációk kísérése', 0),
(41, 'ételosztás', 0),
(45, 'felügyelet segítése', 0),
(36, 'felvételkészítés', 0),
(3, 'festés', -1),
(10, 'fordítás', 0),
(42, 'gyerekek gondozása', 0),
(16, 'gyerekfoglalkozás segítése', 0),
(52, 'gyermekfelügyelet', 0),
(27, 'gyermekmegőrzés', 0),
(26, 'hostesskedés', 0),
(48, 'ifjúsági műsor készítése', 0),
(38, 'információs szolgálat', 0),
(49, 'irodarendezés', 0),
(53, 'jegyszedés', 0),
(51, 'jótékonysági rendezveny', 0),
(44, 'kerti munka', 0),
(7, 'kiállítás- és díszletbontás', 0),
(23, 'koordinálási feladatok', -1),
(11, 'korrepetálás', 0),
(17, 'kortárs segítés', 0),
(28, 'könyvtári munka', -1),
(5, 'könyvtárrendezés', -1),
(56, 'laboratóriumi munka segítése', 0),
(2, 'Lepkeház felügyelete', 0),
(47, 'logisztika', 0),
(1, 'nézőtéri felügyelet', 0),
(18, 'szertárrendezés', -1),
(13, 'pecsételés, vonalkódozás', 0),
(14, 'prospektusok hajtogatása', 0),
(9, 'rendezői feladatok', 0),
(8, 'rendezvénykoordinálás', 0),
(32, 'segédeszközök készítése', 0),
(29, 'segítség a nyílt napon', -1),
(6, 'síszertár rendezése', 0),
(35, 'elektronikus hulladék rendszerezése', -1),
(15, 'szemétszedés', 0),
(24, 'szervezési feladatok', 0),
(20, 'szervezői feladatok', 0),
(22, 'szórólaposztás', 0),
(50, 'táboroztatás', 0),
(57, 'takarítás', 0),
(25, 'tankönyvek pakolása', 0),
(30, 'teaosztás', 0),
(46, 'telefonos applikáció próbája', 0),
(19, 'teremrendezés', -1),
(55, 'dekorálás', 0),
(12, 'tolmácsolás', 0),
(34, 'ügyelet a szalagavatón', -1),
(31, 'versenylebonyolítás', -1),
(33, 'zenei szolgálat', 0);
COMMIT;

/*!40101 SET CHARACTER_SET_CLIENT=@OLD_CHARACTER_SET_CLIENT */;
/*!40101 SET CHARACTER_SET_RESULTS=@OLD_CHARACTER_SET_RESULTS */;
/*!40101 SET COLLATION_CONNECTION=@OLD_COLLATION_CONNECTION */;
